generation,specimen_id,total_fitness,alive_bonus,speed,height_diff,forces
0,0,-1267.6674969126557,51.5,-8.656535716743907,-4.046628898739552,-1306.4643322971722
0,1,-574.7176661828505,119.5,-42.245333483340765,-11.894496806705524,-640.0778358928042
0,2,-38.204916245489684,77.0,54.40642616563562,-8.017539645863264,-161.59380276526204
0,3,-1000.7777540560603,140.0,56.76947690509406,-12.246577878640457,-1185.300653082514
0,4,55.897857889571576,250.5,-124.1589314262853,-32.2763302780768,-38.16688040606632
0,5,-838.434631107652,126.0,-61.28677767737435,-11.790263452532217,-891.3575899777454
0,6,-59.720571001706986,95.5,-69.51814740135305,-10.609298422168717,-75.09312517818522
0,7,-362.9530604322201,75.0,-15.607408730051487,-6.958453988956289,-415.38719771321234
0,8,-587.6245236923944,64.5,30.80283616519812,-6.610850930841683,-676.3165089267509
0,9,-507.88546466145124,86.5,-50.08193450734329,-8.386781343789574,-535.9167488103184
0,10,-236.11338631818492,105.0,-28.097384428862988,-12.23456762968366,-300.7814342596383
0,11,-530.9326580675639,212.0,-23.627321532980755,-22.071342342584106,-697.233994191999
0,12,-469.2980755003997,65.0,-36.424936558212444,-6.195155035218075,-491.6779839069692
0,13,-957.7399650426667,128.5,-13.913085835071819,-14.226898000812275,-1058.0999812067826
0,14,-1403.3776097750022,71.5,51.485169532263804,-7.301474016474962,-1519.061305290791
0,15,-410.0761491882248,67.0,-58.19775734704239,-6.9950599062860155,-411.8833319348964
0,16,-1258.3852770478836,89.5,-89.25788940402575,-10.265328467888054,-1248.3620591759698
0,17,0.3586894794441662,106.0,9.922200955922184,-10.003259350746518,-105.5602521257315
0,18,-326.14276785989097,113.0,-90.59157957736555,-12.160902696473181,-336.39028558605224
0,19,-858.9549304560276,84.5,46.469766956116835,-8.172747356675487,-981.7519500554689
0,20,-1362.3001332707345,73.0,-29.71623725092208,-6.958451124095442,-1398.625444895717
0,21,-55.734105884142096,86.0,24.661840543770154,-8.51588581400027,-157.88006061391198
0,22,-207.3687983621487,138.0,-38.811056416034205,-15.780422762678088,-290.7773191834364
0,23,-182.7615823664955,125.5,-54.313927009809355,-15.590672536765773,-238.35698281992038
0,24,-107.66748697549565,68.0,-40.10564621972242,-6.883880488069645,-128.67796026770358
0,25,-67.04429457290448,59.0,-42.73812245016548,-6.314851928324587,-76.99132019441441
0,26,-1107.8823389013405,111.0,-48.10073590163046,-10.517738092265734,-1160.2638649074443
0,27,-787.2095708999001,250.5,-80.44995971854156,-30.802626418114336,-926.4569847632442
0,28,74.37156624424267,108.0,-12.525434329572224,-12.793836807847114,-8.309162618337997
0,29,-701.4331847492409,98.0,-58.3967005005865,-9.233822160864602,-731.8026620877898
0,30,-1691.7584302815073,95.0,54.302398349313044,-9.298476621135146,-1831.7623520096852
0,31,-326.73122531963315,99.0,28.354744059445608,-7.797220636244954,-446.2887487428338
0,32,42.484780391032274,186.0,4.320320522541465,-18.88523301131297,-128.95030712019621
0,33,55.503830086874274,141.5,75.7106472909084,-16.88429601561869,-144.82252118841544
0,34,-301.4633250497192,112.0,-57.724304545546545,-9.039842977609824,-346.6991775265628
0,35,-235.8240317596333,60.0,-55.84359404796494,-6.400336112269313,-233.58010159939906
0,36,-159.43681713734443,74.0,46.919719257661015,-8.208562860651014,-272.14797353435443
0,37,-1794.1651656671268,90.0,48.10230657142057,-8.538897981587294,-1923.72857425696
0,38,7.719849088789683,113.0,-63.06222793384851,-12.16012639007574,-30.057796587286067
0,39,-547.7229695227072,91.0,-32.69970744426953,-9.32792947544083,-596.6953326029968
0,40,-667.9478782827174,140.0,45.57110125663085,-14.889445893561371,-838.6295336457869
0,41,-29.46345518833897,250.5,52.81713341055303,-27.260498054263234,-305.5200905446288
0,42,-215.91500226875428,48.0,-17.515217839107788,-3.6344348260208785,-242.76534960362562
0,43,-1694.16413388853,82.5,14.694459648574819,-7.516701435538341,-1783.8418921015664
0,44,-826.6440861956446,74.5,-59.44399149610155,-8.199069414389431,-833.5010252851537
0,45,-300.5031843524671,69.0,37.51313454380258,-6.724434324805786,-400.29188457146387
0,46,-1012.4615992979537,75.0,41.94931507552271,-7.92746000752449,-1121.483454365952
0,47,-236.76290715192047,64.0,-51.49738559570037,-6.424095607691297,-242.8414259485288
0,48,-321.16200720512427,90.5,-61.128098660048856,-9.686544512066984,-340.84736403300843
0,49,-611.2769134236427,78.5,-56.338260265305294,-7.579823533650281,-625.8588296246871
0,,-1226.5481362403032,63.5,16.83078137546096,-6.028293312431534,-1300.8506243033326
0,,-346.2465542340298,92.5,36.40221811730057,-9.970440009064633,-465.1783323422658
0,,-411.99470753429955,75.5,34.78094476225493,-6.569207993941575,-515.7064443026129
0,,-540.5799547749193,108.0,-27.007174407446065,-11.905439135607335,-609.6673412318659
0,,-465.00462036922005,68.5,-29.74328564413774,-6.892348227033276,-496.868986498049
0,,-170.99973442140612,53.0,-21.002381858342684,-5.007085338915862,-197.99026722414757
0,,-666.0712679497666,93.0,-13.925675924749996,-9.337980760379581,-735.807611264637
0,,-49.48931873281305,84.5,-27.1753538443349,-9.301907581189528,-97.51205730728861
0,,-1.3697589400086372,78.0,20.886812458846915,-7.202133992411367,-93.0544374064442
0,,-516.3091732794913,58.0,-26.878353063353124,-5.730671373039422,-541.7001488430988
0,,-317.99807336629317,45.0,-23.541405632845645,-3.8533730740995447,-335.60329465934797
0,,-1239.2318401126809,114.5,6.103012266582291,-11.519165989780232,-1348.3156863894828
0,,-342.03232103488097,103.0,-39.63016605567728,-12.000965730261461,-393.4011892489422
0,,-634.7810580807451,82.0,-39.49646874408069,-9.336038844930204,-667.9485504917342
0,,41.898695506226076,91.0,-0.7000110560140853,-9.119066420724257,-39.28222701703558
0,,-198.4890569933844,67.5,-39.89960167207527,-7.296317118624585,-218.79313820268453
0,,-1091.6323638214787,66.0,-29.62735748596791,-6.7091395036058765,-1121.295866831905
0,,-699.236815888467,121.0,49.646479856104044,-13.360206050742237,-856.5230896938289
0,,-1355.5330074298172,71.5,-51.63817187467568,-7.492350706679205,-1367.9024848484623
0,,-21.99487081382626,88.5,-60.4143032275431,-9.51071527000024,-40.56985231628292
0,,-404.3332468213904,158.5,78.82648283115358,-15.41847751846405,-626.2412521340799
0,,-119.48525648158824,111.5,-9.387587078518424,-11.5648627237777,-210.03280667929212
0,,-910.1306894273097,84.0,-53.04219606552156,-8.652465456486446,-932.4360279053017
0,,-643.3569254659271,138.0,-38.93716876303168,-14.758414562017181,-727.6613421408783
0,,-881.048319183368,66.0,-36.89785533466479,-6.496772109202635,-903.6536917395006
0,,-429.4220032206282,106.0,10.286784060337984,-9.37743093404801,-536.3313563469181
0,,-294.49398059825603,67.0,22.30032410030766,-6.182173015701483,-377.6121316828622
0,,-417.2368392907753,87.5,-43.85989884124479,-9.611768749956761,-451.2651716995738
0,,-737.0882087354088,83.5,-52.63449022149905,-8.215782592236756,-759.7379359216729
0,,-354.7501985468334,127.0,5.321033100217867,-13.507638186090665,-473.56359346096065
0,,42.901386336973616,84.0,-30.208035987277384,-8.491242250755977,-2.3993354249930237
0,,-251.3397746795377,83.0,44.64260734936091,-9.429813691954609,-369.552568336944
0,,-411.5042427706443,82.0,-43.91986689045681,-8.549210183874058,-441.0351656963134
0,,-525.2530085751332,94.0,12.226802940134704,-8.289758569612037,-623.1900529456559
0,,-983.7041654327057,80.5,-37.42694792391521,-7.9128490490345955,-1018.864368459756
0,,-952.2437248635126,93.0,2.8560866382393653,-10.00643364281364,-1038.0933778589383
0,,-910.385508134395,74.0,29.883004444253178,-7.813647127711377,-1006.4548654509367
0,,-78.23087861082448,97.0,61.097201295885576,-9.74676974280002,-226.58131016391005
0,,-196.109646898198,103.0,-47.306196630852,-10.876849958503286,-240.92660030884272
0,,-121.86097673886397,71.0,33.34101011263979,-6.728089194343288,-219.47389765716048
0,,-381.1202422059981,74.5,30.710375573346475,-7.981224599151031,-478.34939318019354
0,,-534.5563726182756,96.0,47.73010324561993,-9.419341386610492,-668.8671344772852
0,,-91.42413348232034,131.0,24.01519232398193,-13.829476147391023,-232.60984965891123
0,,-14.631736787348817,58.5,-29.05291720916788,-6.204042637012879,-37.87477694116806
0,,-219.40448675603307,90.5,-24.80473403091376,-9.287692009252808,-275.8120607158665
0,,-301.2352831282209,71.5,29.611626441147237,-7.753922071183738,-394.59298749818436
0,,-504.702026018212,70.0,-40.394134887036266,-7.24866142763353,-527.0592297035422
0,,-474.7499364900952,73.0,39.02110215991404,-6.6404045945768875,-580.1306340554323
1,2,-100.5222847052529,108.0,6.540535114040434,-12.269505404307584,-202.79331441498576
1,3,-301.80343948849276,85.0,-48.68302991587869,-8.033602640675872,-330.0868069319382
1,4,-909.5689231900326,80.5,30.509175723870477,-7.774678133455633,-1012.8034207804475
1,5,-97.49708192713703,250.5,23.569620175305737,-28.65694824717074,-342.909753855272
1,6,-340.2586806691238,53.0,-29.47757959437525,-4.9544160669560195,-358.82668500779255
1,7,-198.77912031906752,51.5,-20.556741248729555,-3.9414605254931137,-225.78091854484484
1,8,-86.56874865518995,250.5,143.64621591093297,-35.01643789204394,-445.69852667407895
1,9,-201.88833369293,79.5,20.795631656025,-8.145277802609261,-294.0386875463457
1,10,-126.43347971717643,168.5,-23.30762153369946,-16.491262260512837,-255.13459592296414
1,11,-456.4410528427603,78.0,-48.248317144541296,-7.4484296294545125,-478.7443060687645
1,12,-1181.2247938507348,55.5,-38.331472892337715,-5.8132353490303705,-1192.5800856093667
1,13,189.44779829808252,187.5,69.13126469113216,-18.466114261942828,-48.71735213110683
1,14,40.447387957783775,98.5,-32.15781650580126,-12.578269804457625,-13.316525731957336
1,15,-357.2897522083789,160.5,34.356636632351226,-20.549118797498892,-531.5972700432312
1,16,-615.5908825782236,57.0,27.608343230288114,-4.291670546836349,-695.9075552616754
1,17,-322.8190116341123,58.0,-33.779692717340716,-6.006130357563538,-341.03318855920804
1,18,-862.8395647079175,45.5,-18.71570631495757,-4.567290936320984,-885.056567456639
1,19,-159.03602833901795,88.5,27.423074634724603,-9.3578112961773,-265.60129167756526
1,20,-1377.1289028934639,43.5,-13.074566378228242,-3.813579205230351,-1403.7407573100054
1,21,-413.16570484322045,64.0,-34.98540341518652,-5.791546007848517,-436.3887554201854
1,22,8.928774048273397,80.0,-19.093509042122857,-7.281120408821995,-44.696596500781745
1,23,-559.4463006356398,100.0,49.52961070852529,-9.010381214503075,-699.965530129662
1,24,-740.637796540453,50.5,-18.62355383558656,-4.660057152839784,-767.8541855520267
1,25,3.4607164417598284,81.0,45.799735431026576,-8.258782162793839,-115.08023682647291
1,26,-1238.914638876222,48.5,-14.508301436559673,-3.980085298097417,-1268.9262521415649
1,27,-701.0384881062477,54.0,-36.32528837720669,-4.637289688017686,-714.0759100410232
1,28,78.95401708416821,77.0,29.178489358808257,-7.281867200670385,-19.942605073969663
1,29,-804.6632602087668,71.5,-39.67723297446479,-7.843667872103998,-828.642359362198
1,30,-164.5927693429498,71.0,37.44263663625411,-7.208354121087141,-265.82705185811676
1,31,-223.9918110012839,76.5,7.261954747537622,-6.615621581082811,-301.13814416773874
1,32,-207.74054496236164,101.0,-31.851886808662535,-10.18811944011498,-266.70053871358414
1,33,-756.7887515327257,72.0,30.353731902941846,-6.751458469052174,-852.3910249666153
1,34,67.44224017184538,84.5,31.259302115593087,-8.568566236611792,-39.74849570713591
1,35,-212.4902322588646,71.0,-47.6952568470624,-6.613452789979919,-229.1815226218223
1,36,-991.9769082386615,89.5,33.49591637637526,-8.653174833817138,-1106.3196497812196
1,37,-266.877334251027,97.5,-54.809893595255424,-11.817032688432752,-297.7504079673388
1,38,-253.41698524602563,109.0,-32.87513671521801,-11.340276954640276,-318.20157157616734
1,39,-788.0478630237482,140.5,58.87416093158134,-12.794467476409322,-974.6275564789202
1,40,-10.461104233109666,102.0,-54.70485415477464,-11.21395679954437,-46.54229327879066
1,41,-1045.8248963771202,73.0,16.321503285218537,-6.879280567901548,-1128.2671190944372
1,42,-28.170924057026554,71.5,24.670257299537084,-7.531840607693491,-116.80934074887014
1,43,-1124.0944770454287,74.5,-49.470010681724034,-7.406196102978472,-1141.718270260726
1,44,-727.3694731990242,113.0,28.690993117960293,-11.884682451587922,-857.1757838653966
1,45,-824.1390600707618,48.0,-17.378969253852414,-4.644157701132297,-850.1159331157771
1,46,-1545.624295273449,74.5,-31.551333868939164,-7.875744315350055,-1580.6972170891597
1,47,-90.7929338752746,113.5,38.80200836620196,-13.267198766574309,-229.82774347490226
1,48,-469.0484235010877,61.5,-27.434536687383822,-5.480776210342402,-497.6331106033615
1,49,-182.13944201365229,67.5,-42.27457202002395,-7.289546950506916,-200.07532304312141
1,,-631.1071117374419,70.0,-39.62040390478188,-5.883570480448145,-655.6031373522119
1,,-1194.7145112574813,70.5,-21.26774014251048,-5.511702260962713,-1238.435068854008
1,,-363.54909412290885,141.0,-64.20440437468653,-17.45642480650454,-422.88826494171775
1,,-201.09146618663064,95.0,-37.422457226758155,-10.033007386897133,-248.63600157297535
1,,-829.9005703461717,116.5,-26.831427840371514,-12.408916998924894,-907.1602255068752
1,,-146.7617600714927,50.5,20.751831983453865,-4.3806176562457955,-213.63297439870075
1,,-594.8167583475995,69.5,-10.977322832557027,-5.6621259484476845,-647.6773095665948
1,,-427.2314457304093,90.5,-56.918159813563435,-9.255428557768491,-451.5578573590774
1,,-898.3437821250974,137.5,59.52755353818556,-15.061293114949164,-1080.3100425483337
1,,-1203.3562639190216,116.0,35.198964670985404,-10.159058015045709,-1344.3961705749612
1,,-108.92068693684548,67.5,24.548194654349665,-5.6741255974050535,-195.2947559937901
1,,-250.99597900163587,111.5,-39.93875512240164,-12.252107320376009,-310.30511655885823
1,,242.16812519600748,250.5,70.36873684644848,-33.15862786996711,-45.541983780473885
1,,-170.0572543701831,65.5,27.1710727370737,-6.345545100301878,-256.3827820069549
1,,-323.1340433835379,250.5,-28.9941253454625,-30.486630468236086,-514.1532875698393
1,,-861.47718851222,137.5,65.74312097596832,-14.685613268022902,-1050.0346962201654
1,,-178.79787900732342,112.0,-31.983811025765537,-9.69433350569502,-249.11973447586286
1,,-13.83890016425191,68.5,-24.214770885390497,-7.18797388204878,-50.93615539681264
1,,-229.93782457219606,63.5,-7.470861942387733,-5.424694709022498,-280.54226792078583
1,,-578.4434171964585,92.5,-50.46643375817946,-8.919214980412658,-611.5577684578665
1,,-116.57160589817494,210.0,-49.339721872611676,-21.948073386817683,-255.2838106387456
1,,-40.66616593222798,143.0,-23.500989015063677,-14.55557342268262,-145.6096034944817
1,,-287.2616093270538,108.0,62.06547253654008,-9.86911227213921,-447.4579695914547
1,,-220.34567055157098,143.5,-68.85591909809152,-16.226362435889918,-278.76338901758953
1,,-640.4461180761926,133.0,46.666757182013605,-11.918838610952085,-808.1940366472542
1,,-549.6576988080321,68.0,42.52848996702047,-6.558158890803366,-653.6280298842493
1,,-566.7894442402995,65.0,-19.569830996337203,-6.090644952059479,-606.1289682919029
1,,-784.4918001361816,57.0,-34.76019367983067,-5.955248248071708,-800.7763582082792
1,,-882.6303059597791,205.0,44.3994254805239,-25.261246386955893,-1106.7684850533471
1,,-376.57871585631574,82.5,28.59507563280434,-8.268931812939085,-479.404859676181
1,,-2.5583821196020153,98.5,50.43361035386903,-10.559924800250517,-140.93206767322053
1,,-291.71978667614536,71.5,-51.59729053483888,-7.609330316689943,-304.0131658246165
1,,-337.0564283860046,54.0,-32.38232123297707,-5.361014897350241,-353.3130922556773
1,,-513.4597879974,74.0,-40.67773841797946,-6.456836024840623,-540.3252135545799
1,,-33.03160992507489,173.0,-72.01495712522922,-25.30869297793642,-108.70795982190926
1,,-627.0137854518404,136.0,-60.621942471516576,-14.793064571780507,-687.5987784085432
1,,-85.1187796520291,84.5,-53.21373319388591,-8.447828088172383,-107.95721836997082
1,,-53.160918461102796,78.0,-37.94976696130105,-7.737317965953354,-85.47383353384839
1,,72.99962016439102,127.5,59.80173499160554,-12.984033575419376,-101.31808125179515
1,,-166.978037773224,67.5,-34.23699833243133,-7.311182220378261,-192.92985722041442
1,,-484.72080710036715,101.5,21.37004946603843,-9.44037478522887,-598.1504817811767
1,,-655.268424166746,71.0,36.42869619412415,-7.366165734882613,-755.3309546259875
1,,89.89640306521304,250.5,3.8277382528431114,-33.0556655449859,-131.37566964264417
1,,-96.5807950155997,131.5,48.29595083263835,-14.100480045388803,-262.27626580284925
1,,-462.4033229090733,54.0,-18.184183110085968,-4.417838768880363,-493.80130103010697
1,,-376.53025911195755,85.0,21.45955129312207,-8.061881167519976,-474.9279292375596
1,,44.15179092854683,108.0,44.537320474696266,-10.14232104684637,-98.24320849930305
1,,-191.827736137756,90.0,39.01440610961856,-9.385098031827278,-311.4570442155473
2,2,-919.7487708111014,56.5,-28.753294419816246,-5.203688368614951,-942.2917880226702
2,3,-185.3331442858213,65.0,-35.131170073203315,-7.002257430755645,-208.19971678186235
2,4,-759.8662986524599,77.0,-32.08321289300908,-7.406305855020912,-797.3767799044299
2,5,-166.97638019532917,59.0,-20.764824362355842,-6.339700177152612,-198.87185565582072
2,6,-236.89444115889455,100.5,-58.244905133977,-10.506215490579343,-268.6433205343382
2,7,-35.913283343214786,63.5,40.677280517030574,-5.634415658134296,-134.45614820211105
2,8,-1088.2814018090241,52.0,-13.636756133717148,-4.769038888930279,-1121.8756067863767
2,9,-48.56484895850829,114.0,21.68389339064899,-11.250624147758458,-172.99811820139882
2,10,-99.51725610901497,110.0,-29.501003065569673,-9.728987759917516,-170.28726528352777
2,11,-803.0237376105405,104.5,-56.8185714125136,-9.41787113896559,-841.2872950590613
2,12,36.60956655548722,113.0,-30.11376450187289,-12.511559916440135,-33.76510902619975
2,13,-720.8609263650667,79.0,-39.75557307859387,-8.044793188300643,-752.0605600981721
2,14,119.97781655491929,250.5,-56.527372231054315,-28.452827433552528,-45.541983780473885
2,15,-376.8417133871841,82.5,41.988026299819964,-6.947664190365993,-494.38207549663804
2,16,-321.2797680548865,250.5,-26.651374436252734,-30.975106048794476,-514.1532875698393
2,17,-132.65534260611923,106.5,40.87576741783683,-10.465717296570881,-269.5653927273852
2,18,-392.26210286698097,84.5,-52.057526204452664,-9.224332141802021,-415.4802445207263
2,19,-939.6309154599406,65.0,-36.41533560373016,-6.092138447380779,-962.1234414088296
2,20,-431.3240508729565,82.5,23.909942930588926,-7.977156082584193,-529.7568377209612
2,21,-219.797917546901,74.0,-51.87952775009454,-7.969423191165188,-233.9489666056413
2,22,28.496703764360394,110.5,-48.590400525184656,-11.574993341828897,-21.837902368626057
2,23,-897.171559193412,78.5,-48.23609729104163,-7.605205374305567,-919.8302565280649
2,24,-28.43366323529279,111.5,-44.8462292319134,-11.172255351900583,-83.91517865147881
2,25,-425.09480488415596,189.0,3.6643698467241803,-19.72932252009907,-598.0298522107811
2,26,-731.8148390399597,87.0,-35.37805450664116,-8.928576715348768,-774.5082078179697
2,27,-317.0728409625594,77.5,22.514272549323934,-7.340195310934797,-409.7469182009485
2,28,-1017.8032157271515,70.0,-49.337464787483206,-6.959379421367733,-1031.5063715183005
2,29,-355.04042280347073,43.5,-21.7109849369563,-3.4440832943578314,-373.3853545721566
2,30,-582.8436891892106,80.5,-26.201537657622357,-7.545442349416258,-629.596709182172
2,31,-849.4151052380258,63.0,-19.06360789924766,-5.56569878763907,-887.7857985511391
2,32,-292.9756108402099,102.0,71.15232653292527,-10.726890380751914,-455.40104699238327
2,33,-106.87101361279875,80.5,-54.70629404907314,-8.78835510845378,-123.87636445527183
2,34,-137.6532619275609,55.5,-29.197259581426373,-5.315110679979477,-158.64089166615506
2,35,66.07780167696889,96.0,-11.854310160237022,-9.608056802025889,-8.459831360768204
2,36,62.23274522699833,55.5,16.355878744790697,-4.60576344681192,-5.017370070980451
2,37,-454.00411939050844,92.0,-76.91998124621287,-8.916290392316775,-460.1678477519788
2,38,-239.32410789416787,73.5,-47.923856788606315,-7.746008327788447,-257.1542427777731
2,39,-165.97476434946054,119.0,16.10671934617985,-11.776440958789669,-289.30504273685074
2,40,-1130.9667221908687,79.5,38.255754617482566,-6.483400146035047,-1242.2390766623162
2,41,-197.02658308012218,98.0,-27.270719518269473,-9.980289081776817,-257.7755744800759
2,42,-1355.4108472522903,87.0,-37.91056596967607,-9.136617437612557,-1395.3636638450016
2,43,-567.3493291416943,62.0,20.45990012901871,-5.475228978042568,-644.3340002926705
2,44,136.85226940608345,150.5,46.82372644160296,-15.845148379775138,-44.62630865574438
2,45,158.01486840828684,250.5,-54.443792317071114,-31.800684741119824,-6.240654533522229
2,46,-817.6050480968282,78.5,-19.245745831675755,-7.202234948347511,-869.657067316805
2,47,-1501.2799193991495,210.0,103.1493295635472,-23.50749296036573,-1790.921756002331
2,48,-55.515684041002444,105.0,32.266606965179825,-10.202357078190445,-182.57993392799182
2,49,-170.7635785304354,85.0,-44.3888797864002,-8.75624063464008,-202.61845810939514
2,,-846.9529690392083,72.0,-29.451791952461782,-6.380840180115307,-883.1203369066312
2,,-44.17306430433082,43.5,-8.77542608698385,-3.510891680270754,-75.38674653707622
2,,-467.3654233042637,73.0,32.038675297925856,-6.1921952027269525,-566.2119033994626
2,,-1311.2054011334521,59.5,-22.70416425657907,-5.8745162373094955,-1342.1267206395635
2,,-681.5865272076517,64.5,-29.4480578674532,-5.6179383164269545,-711.0205310237715
2,,-130.4658911803769,113.5,-48.50961058721803,-11.435628162280498,-184.02065243087839
2,,-152.68074212316426,118.5,-33.470243451669,-12.809168390719266,-224.901330280776
2,,-877.1874158275448,98.5,-38.66791290452171,-10.177190662033322,-926.8423122609897
2,,-255.81069841159956,58.0,-21.680583366684164,-5.229069549305056,-286.90104549561033
2,,-319.32936839556646,65.0,22.48870159178633,-5.552286959815177,-401.2657830275376
2,,-984.4035338259298,211.0,-12.029197780072135,-21.34275707069809,-1162.0315789751596
2,,63.988078400206916,92.5,28.1811840299862,-10.344733194686407,-46.34837243509287
2,,-1141.6296887827912,74.5,-31.119266158135343,-7.735904589018717,-1177.2745180356371
2,,-1198.0292220359036,117.5,-25.664391525342182,-11.602652393779504,-1278.2621781167818
2,,-28.238088791819038,46.0,-13.693963965251871,-3.8178197486740393,-56.72630507789313
2,,-45.01656134397082,92.5,-31.463394221755973,-9.673101998650235,-96.3800651235646
2,,-285.15042450352587,74.5,32.22729626664149,-7.241006053062646,-384.6367147171047
2,,-491.74441245804286,96.5,-64.44452508437547,-10.761567635963749,-513.0383197377037
2,,-138.30134588908746,72.0,-39.86437879140729,-7.260259649045463,-163.17670744863472
2,,9.841632379529813,250.5,-57.437973283322755,-30.40277088725297,-152.81762344989448
2,,-52.46106155462917,93.5,35.83947250854223,-10.336651250081422,-171.46388281308998
2,,-299.4194748971568,82.5,-37.03955866821529,-9.479842016880292,-335.4000742120612
2,,-623.388588842894,53.5,-18.56697387362405,-4.160317352095723,-654.1612976171742
2,,-253.68814828161402,78.5,40.774059049953024,-7.925571457014192,-365.03663587455287
2,,-366.0459537790066,69.5,-49.3207937857295,-7.290221229548465,-378.9349387637286
2,,-15.879858550309404,71.0,-33.44981370983614,-7.116209606708157,-46.313835233765104
2,,-676.9959303418805,101.5,-51.96348647934442,-11.121078124166036,-715.41136573837
2,,-637.095288608901,48.5,-11.598446106634258,-4.08330150398675,-669.91354099828
2,,-408.47051265606837,105.5,9.49996361303693,-10.549023320760114,-512.9214529483452
2,,-508.05857200865853,124.5,-32.88178977816448,-14.638809525340807,-585.0379727051533
2,,-713.2157418985875,74.5,-17.383278452354435,-7.367096022922612,-762.9653674233105
2,,-715.3538078697276,250.5,-18.069018940273025,-32.984879038951746,-914.7999098905028
2,,-206.72574181611188,51.0,-25.813753853820348,-4.806328407786311,-227.10565955450522
2,,-1092.6930866500318,62.0,-26.86438428293214,-5.650078105909468,-1122.1786242611902
2,,-786.1432571013299,171.0,-45.199733296958684,-21.97126335471553,-889.9722604496558
2,,-93.76331569163771,84.0,-51.77468308130474,-8.472585391172693,-117.51604721916028
2,,-521.5871974322039,71.0,-53.44096708013232,-6.890444113127624,-532.255786238944
2,,-299.3611824427738,79.5,-46.30092938592441,-8.110000365747341,-324.45025269110204
2,,8.882765502219065,86.5,-18.778424473755084,-7.656800690641506,-51.18200933338435
2,,-221.9400781840369,250.5,-85.20844164773966,-27.219604210881077,-360.01203232541616
2,,-1065.9489824073542,125.5,8.30690925000393,-13.054843894804998,-1186.7010477625531
2,,-332.1269855322589,84.0,76.88376935424213,-7.588157087975004,-485.42259779852606
2,,-364.9994579595478,97.0,-25.923983860062133,-10.23608604659563,-425.83938805289
2,,-43.22061903135074,87.5,-37.76687066840878,-9.23446483285862,-83.71928353008335
2,,-603.7432079994028,59.5,22.49813033782301,-5.606067919098662,-680.1352704181271
2,,-11.164295024210062,112.5,-27.11731137759063,-10.190370791867768,-86.35661285475167
2,,130.2089687585043,127.5,39.1088144874495,-13.021827274949427,-23.378018453995765
2,,-54.065348322088106,69.0,-25.708549442387728,-7.760398232755191,-89.59640064694518
3,2,65.9662689769118,92.5,33.25395746879592,-7.72299977869156,-52.06468871319255
3,3,-942.7415829558597,57.5,-18.349288934386678,-5.804048602409794,-976.0882454190632
3,4,-1423.0102315828751,56.0,-28.042585610701252,-5.546242839858729,-1445.4214031323152
3,5,3.8668560362267357,98.0,-13.39603772158634,-10.915706372581948,-69.82139986960497
3,6,-21.750401668004905,56.0,-29.97626380926544,-5.511220186778979,-42.26291767196049
3,7,-834.4414021525255,72.5,30.395903021676258,-6.4977820744091925,-930.8395230997926
3,8,-88.46299638204316,71.0,-24.264397891718023,-6.624819281902776,-128.57377920842237
3,9,-502.8554213269989,106.5,54.95646926485183,-10.53402526199426,-653.7778653298565
3,10,-300.5899383511928,93.5,-37.40194925124124,-9.202038906877057,-347.48595019307453
3,11,25.776538002978114,113.5,21.43529841663039,-10.833466672578195,-98.32529374107408
3,12,-511.83473373349693,81.5,6.781956440307743,-8.347986568811795,-591.7687036049929
3,13,-54.844224308343,97.0,48.60981556132415,-10.935631588406011,-189.51840828126115
3,14,-362.2068896476801,83.0,-30.745334363933505,-8.210866123273886,-406.2506891604727
3,15,-468.3338687677835,67.5,-14.573698716679154,-6.851817889277586,-514.4083521618268
3,16,-211.28396337010773,110.5,21.760851626164996,-10.961378740795535,-332.5834362554772
3,17,-423.30810664789817,90.5,39.55257108076412,-9.6397661626775,-543.7209115659848
3,18,-232.1045629917786,59.0,16.084107910250374,-5.339082179490008,-301.84958872253895
3,19,-968.5734723320278,55.0,-20.76964606142109,-4.55344145668409,-998.2503848139227
3,20,-840.0198477947337,101.0,-57.61323091471511,-10.11058190740166,-873.2960349726169
3,21,168.9502557335415,250.5,25.465315767779398,-32.976992418158126,-74.03806761607976
3,22,-184.7989373678833,194.0,9.82281062871628,-25.21757576405761,-363.40417223254195
3,23,-286.1767770715133,52.5,-14.63103994623202,-4.856485079992764,-319.1892520452885
3,24,5.704737524138997,77.0,-54.766523228231634,-7.617751878245645,-8.910987369383724
3,25,-457.34585081662357,250.5,54.47337593015824,-32.041999075764544,-730.2772276710173
3,26,-667.8713151368607,59.0,-34.39829653629378,-6.213978251667441,-686.2590403488995
3,27,-34.156441495844476,88.0,-25.351248214467685,-9.066616468924412,-87.73857681245238
3,28,-1156.6474843630297,62.0,-34.331423203585636,-6.248149679212688,-1178.0679114802313
3,29,-454.27177750442445,93.5,-68.13991992252453,-10.50037989609606,-469.1314776858039
3,30,60.16372519211358,81.0,22.945420212249385,-8.563033923806124,-35.218661096329676
3,31,-883.776349402868,121.0,-56.00560459985206,-14.53705891234672,-934.2336858906692
3,32,-92.42013445950079,93.5,41.531138637748136,-9.231143163294806,-218.22012993395413
3,33,-702.8211605364644,113.5,23.56313448004064,-10.863243225131013,-829.021051791374
3,34,-53.37402761986952,65.0,-45.84237772283875,-6.750362661037585,-65.78128723599319
3,35,-123.45298074380005,79.5,-29.163096303929592,-6.768144885172206,-167.02173955469826
3,36,-450.0613227062151,53.5,-21.346923993256784,-4.125111890692314,-478.089286822266
3,37,-41.04756949785996,74.5,-27.62878710092116,-7.710233473287523,-80.20854892365128
3,38,-140.94578879447937,49.0,-28.724145303784134,-4.590461094383332,-156.6311823963119
3,39,-332.11732253914374,95.5,41.309028788780324,-9.971766649275388,-458.95458467864864
3,40,-712.2322299907146,71.5,31.33503404322905,-5.460596118469008,-809.6066679154746
3,41,-105.60075951311666,250.5,-51.916652037437544,-31.291273287052253,-272.89283418862686
3,42,-680.672788593009,136.0,-54.3125686686799,-16.703659009985593,-745.6565609143436
3,43,-196.715880827168,124.5,-3.3893408470561166,-11.61751057426193,-306.20902940584995
3,44,-1252.9561071016976,106.0,-47.649010868063186,-11.061090528520737,-1300.2460057051137
3,45,-36.56441440276615,56.0,-3.5380668402491455,-5.118352420635244,-83.90799514188176
3,46,-706.7023717207572,58.5,17.418479879570135,-5.417252654176784,-777.2035989461506
3,47,-534.8149637993604,86.0,-33.82290949543295,-7.900551864695555,-579.0915024392319
3,48,-1047.5558602381334,93.0,-34.678316902029536,-9.23603543501125,-1096.6415079010926
3,49,-686.3978397993349,70.0,-37.746474721110616,-7.698124624847155,-710.9532404533771
3,,65.9662689769118,92.5,33.25395746879592,-7.72299977869156,-52.06468871319255
3,,-126.31306365909398,80.5,-17.686717934444577,-6.886227258350806,-182.2401184662986
3,,122.63267899036505,122.5,65.10565754901641,-13.136564236143132,-51.83641432250825
3,,-878.3741658930087,68.5,-36.815653675774975,-5.751394880440073,-904.3071173367937
3,,65.9662689769118,92.5,33.25395746879592,-7.72299977869156,-52.06468871319255
3,,-686.2096918925611,56.5,-13.352066374975056,-5.237318320067409,-724.1203071975186
3,,-310.7828558402652,82.5,43.33160948376773,-8.486097855527563,-428.12836746850536
3,,-1140.2099100108283,98.0,10.337107818212203,-9.128779629737753,-1239.4182381993028
3,,65.9662689769118,92.5,33.25395746879592,-7.72299977869156,-52.06468871319255
3,,-373.72718653624526,92.0,-33.96572485555203,-8.813315429706226,-422.948146250987
3,,153.93405815912672,250.5,176.14964739769837,-33.09675672540393,-239.61883251316772
3,,-390.18926436907617,107.5,41.14322431968625,-10.01650829008545,-528.815980398677
3,,65.9662689769118,92.5,33.25395746879592,-7.72299977869156,-52.06468871319255
3,,-255.90166532808206,77.5,54.97703464753909,-7.21066787793826,-381.1680320976829
3,,-329.35697802094353,77.5,-5.220063458481471,-6.638734155276562,-394.9981804071855
3,,-172.46949517680287,70.5,-39.78727731333195,-7.10221961370988,-196.07999824976105
3,,65.9662689769118,92.5,33.25395746879592,-7.72299977869156,-52.06468871319255
3,,-579.910496600208,108.0,21.54322602974413,-11.158546365313276,-698.2951762646388
3,,-1029.1071127830155,93.0,35.2812658142046,-8.859449682153773,-1148.5289289150664
3,,-1373.9212940451741,94.5,-39.594005522805446,-8.710467521818883,-1420.1168210005499
3,,65.9662689769118,92.5,33.25395746879592,-7.72299977869156,-52.06468871319255
3,,-297.5666972329715,85.0,-28.833705218461766,-8.460676830674524,-345.2723151838352
3,,-65.01403760253243,91.5,57.61958896257865,-8.486927305871621,-205.64669925923945
3,,-132.8407641811229,74.0,-32.41065816060565,-7.019992638210797,-167.41011338230643
3,,65.9662689769118,92.5,33.25395746879592,-7.72299977869156,-52.06468871319255
3,,-844.561592106251,67.5,-6.15641359362614,-6.5984694312535455,-899.3067090813713
3,,-596.6818919102375,75.5,32.972231768687,-7.211144149397158,-697.9429795295273
3,,-535.6308899308317,144.5,44.913032070121474,-13.864029604581434,-711.1798923963717
3,,65.9662689769118,92.5,33.25395746879592,-7.72299977869156,-52.06468871319255
3,,-423.42550520182795,66.0,39.0614273980328,-5.00166705692049,-523.4852655429403
3,,109.30070895819378,145.0,38.13536611669214,-15.038597935881457,-58.7960592226169
3,,-63.56878612302265,66.0,-27.58355844426632,-6.490499046597871,-95.49472863215846
3,,65.9662689769118,92.5,33.25395746879592,-7.72299977869156,-52.06468871319255
3,,56.26602618516278,100.5,-9.47388163366464,-13.001668038100687,-21.7584241430719
3,,-447.0027833099071,78.5,41.82747967137358,-8.087301445274612,-559.2429615360061
3,,-593.9437804411674,57.0,-18.223067800489098,-5.2705805080301165,-627.4501321326482
3,,65.9662689769118,92.5,33.25395746879592,-7.72299977869156,-52.06468871319255
3,,-416.10139877690983,115.5,-27.204594500173663,-12.157971267885271,-492.23883300885086
3,,86.10575957215308,154.5,-45.83954301837141,-18.721997376350913,-3.832700033124593
3,,-196.07364318460046,46.5,-11.429285146890336,-3.7555657359535672,-227.38879230175655
3,,65.9662689769118,92.5,33.25395746879592,-7.72299977869156,-52.06468871319255
3,,-76.21024801818469,60.5,-8.34505684483442,-4.584283089262424,-123.78090808408784
3,,-1066.4256417979366,93.0,69.11779344167572,-8.450672817007346,-1220.092762422605
3,,-623.9038449973609,74.5,-22.431161361403387,-7.176440334236025,-668.7962433017215
3,,65.9662689769118,92.5,33.25395746879592,-7.72299977869156,-52.06468871319255
3,,89.99437861264924,72.5,33.62606106458618,-7.4496275735382955,-8.68205487839864
3,,-152.4095043928608,105.5,-34.29236478843518,-12.788107077359044,-210.82903252706657
3,,19.838080892603237,88.5,-24.28380231485685,-8.671938398691008,-35.70617839384891
4,2,-254.05217782307682,216.0,30.313187200228715,-23.909786951655082,-476.45557807165045
4,3,-675.1953067422724,76.0,-28.40433580679706,-7.232455985298322,-715.5585149501769
4,4,-962.4893273617274,89.0,-3.963242821377146,-9.95277774656056,-1037.5733067937897
4,5,64.81432130539854,85.5,49.10199952211896,-8.237145753396542,-61.55053246332386
4,6,32.27942169823807,59.0,16.493056401448218,-4.667998367662518,-38.54563633554763
4,7,-26.101170174500062,113.0,-54.6247418979557,-11.518552032250165,-72.9578762442942
4,8,-325.6866939590333,69.0,33.61612437850296,-7.003414860000655,-421.2994034775356
4,9,-286.8268793097548,66.0,-24.666441881863676,-5.463074749893411,-322.6973626779977
4,10,-1426.687309420138,117.5,-53.441554005934684,-12.655074510369959,-1478.0906809038333
4,11,-478.5306449085909,68.5,-33.385295661028216,-6.94569825283328,-506.6996509947294
4,12,-807.044819319283,120.0,-36.44776973422837,-13.883137054479892,-876.7139125305747
4,13,-326.2755705249813,110.0,-63.120171529271595,-12.662854553397539,-360.4925444423121
4,14,-272.7273817345013,56.0,-6.903592553705474,-4.294502610179693,-317.52928657061614
4,15,-1540.6893918719647,62.5,25.18083290239497,-6.1021647086937545,-1622.2680600656658
4,16,-389.18680423492737,72.0,34.08842628396154,-7.556598590099867,-487.718631928789
4,17,-665.5789789816184,81.0,6.54277210032904,-5.965114517392005,-747.1566365645555
4,18,-1414.0458149777282,117.5,-40.26909359477749,-13.186040479117498,-1478.0906809038333
4,19,-70.09255882957567,155.5,32.3214901950932,-15.832044461248687,-242.08200456342016
4,20,-465.103366151691,85.0,41.29259113689367,-9.020200096590616,-582.375757191994
4,21,-1816.2739976021235,125.5,47.44609993788483,-11.881809989649636,-1977.3382875503587
4,22,-409.8943406493938,89.5,47.74842396468859,-8.380772064616139,-538.7619925494663
4,23,-1583.162461752608,103.0,-32.87878630382637,-10.839857296793957,-1642.4438181519877
4,24,-791.516257959035,109.0,13.203483308698038,-11.601847372365096,-902.117893895368
4,25,-116.4068782390107,64.0,-24.960380824877998,-6.253728572659754,-149.19276884147294
4,26,-565.1847185099635,56.5,-35.46906839947458,-5.227340693418691,-580.9883094170702
4,27,-1581.061666616349,99.5,-41.82116803329284,-10.050286158592026,-1628.690212424464
4,28,107.4538271547018,85.0,51.47643589589022,-8.329236531738534,-20.6933722094499
4,29,-52.597250744595186,119.0,74.25163039491551,-11.804553753816059,-234.04432738569463
4,30,-6.8880891280824414,87.0,34.34305533252255,-7.08700330912379,-121.14414115148121
4,31,-809.8374308951143,110.0,38.027060693536484,-11.425049850500383,-946.4394417381504
4,32,-180.31542071676978,119.5,72.6680351160489,-12.74740702816757,-359.7360488046511
4,33,-52.03616427304688,59.5,-19.630987626708915,-5.191044074217802,-86.71413257212016
4,34,-588.3248023816029,89.5,-33.04324081522586,-8.607311541418623,-636.1742500249584
4,35,3.2117051670366124,75.5,36.55677491435042,-7.201452462638956,-101.64361728467486
4,36,-6.797735331921373,52.0,23.387909962602585,-4.282273331681372,-77.90337196284258
4,37,-844.3215271511588,56.0,-17.480384615191987,-5.031020666460704,-877.810121869506
4,38,-527.4650847752358,96.5,-30.321555109247424,-9.544369324090896,-584.0991603418975
4,39,-942.1286291498158,84.0,-37.41095168602274,-8.370790660289622,-980.3468868035034
4,40,96.80464891628948,95.5,21.607106588338077,-9.094194212818074,-11.208263459230512
4,41,-703.060911196731,61.5,-21.637231205368145,-5.639232855489744,-737.2844471358732
4,42,-1451.9704971791598,129.5,-58.20427816861806,-14.919901205774261,-1508.3463178047675
4,43,-912.4640225696343,73.5,-29.39703782028481,-6.929701100524589,-949.6372836488249
4,44,-1088.0774225043444,110.0,-37.93646821668871,-11.619692344084472,-1148.5212619435713
4,45,-1238.3046837837323,53.5,-21.88343855196298,-4.820597142486546,-1265.100648089283
4,46,-43.92739815482825,80.5,27.323317967037607,-7.394536308025056,-144.3561798138408
4,47,-860.899032399461,70.0,44.35538476556941,-6.850178339737374,-968.4042388252931
4,48,-552.94734961834,108.0,-9.01374273258061,-12.680262013901105,-639.2533448718583
4,49,-407.9163460676192,118.0,-40.78956339366877,-11.705423735449052,-473.4213589385014
4,,-1424.7896323710572,81.0,49.49325062163767,-8.604035608923839,-1546.678847383771
4,,-1385.2655200980694,76.0,-25.447162416506686,-6.849688988405774,-1428.9686686931568
4,,-244.7798704707838,136.0,88.22852672336265,-17.025084063989624,-451.98331313015683
4,,-265.10944346442096,92.5,-28.442668798961172,-9.669901573275418,-319.4968730921844
4,,22.91935057419642,112.0,-43.5583946006832,-11.38461369511531,-34.13764113000507
4,,-11.887555431658257,102.0,38.15379645977109,-9.244559387576412,-142.79679250385294
4,,-437.18239999665934,96.5,46.60298595691815,-9.308260606037523,-570.97712534754
4,,-1253.0354737138,169.0,12.28625167928061,-23.438666642209256,-1410.8830587508714
4,,-365.88602156471626,74.5,-24.3475992497321,-7.828684169833772,-408.20973814515037
4,,-620.6958987090704,117.5,14.857397372225417,-10.137310570607813,-742.9159855106881
4,,-445.4688786692101,89.0,18.395458426868966,-8.642657852286616,-544.2216792437924
4,,-868.0914606406341,115.0,-44.02760094060307,-11.123074380215588,-927.9407853198154
4,,-176.66860538708477,74.0,26.492501058185702,-6.87501145605181,-270.28609498921867
4,,-390.58243704791016,99.0,-36.374098474466244,-9.63334059008087,-443.57499798336306
4,,-3.20081489975459,81.0,39.28651270276842,-8.104661607671687,-115.38266599485132
4,,-200.6851927302451,108.0,-37.55732467254446,-11.387481187324699,-259.7403868703759
4,,-288.20354285113086,76.0,-45.90878400835047,-8.495513345970565,-309.7992454968098
4,,-1902.2278173135264,76.0,7.542595604230204,-6.870051942552249,-1978.9003609752044
4,,-771.0648273765664,90.0,-26.86070661311688,-8.847220096197574,-825.3569006672519
4,,-357.59824599952725,60.5,-28.878115016536917,-5.5070995044566375,-383.7130314785337
4,,-372.83471635405454,75.5,37.73341527010647,-7.771386163923741,-478.2967454602373
4,,43.42875493473021,83.0,-21.579316169568667,-9.136214599447422,-8.8557142962537
4,,-746.0593848157731,58.0,2.605145006190314,-4.9396232180665125,-801.7249066038969
4,,-1192.3366789264496,121.5,-14.086045119395463,-12.45255855922623,-1287.298075247828
4,,-214.33995441455778,69.0,36.67600110100555,-6.50768523855666,-313.50827027700666
4,,-1689.4114076496749,125.5,-44.329296909727134,-13.57520194859048,-1757.0069087913573
4,,-341.4448769367297,73.0,-36.541012994296,-6.615565059714118,-371.2882988827196
4,,-719.4574060354614,80.5,-38.25356683720789,-7.84412557565781,-753.8597136225957
4,,-42.26279124926528,66.5,-33.348943509181076,-5.534966098320729,-69.87888164176347
4,,-79.43988698969423,93.5,27.875032903806257,-8.658454663162523,-192.15646523033797
4,,-539.3973720122378,66.0,2.1446858935321997,-5.707663863278177,-601.8343940424919
4,,-650.636561852266,86.5,-28.522813239354946,-8.710884833189168,-699.9028637797219
4,,-485.99201092278173,104.0,-47.39665208874446,-9.506112167612168,-533.0892466664251
4,,-135.83942071745562,108.5,60.64013972933701,-9.55912891406901,-295.4204315327236
4,,-158.35937909696977,47.0,-17.901924100391085,-4.079947941884251,-183.37750705469443
4,,-128.0383432622964,91.5,21.287725593635212,-9.24953181045996,-231.57653704547167
4,,-474.15736073433845,170.0,-28.865272704562102,-17.585321363458547,-597.7067666663178
4,,-754.0022041748231,69.0,-26.774115334497335,-5.854052334233016,-790.3740365060927
4,,-458.22760035715146,48.5,-27.495630581655313,-3.4780547647435713,-475.75391501075256
4,,-297.6151489325106,56.0,-12.21463213470497,-4.778370479217975,-336.6221463185876
4,,-188.5581286341874,64.0,-29.22804792475723,-6.151761393776767,-217.1783193156534
4,,-936.4381237953161,57.0,-10.48028156757199,-4.666109534169573,-978.2917326935745
4,,-418.3191841232597,82.5,52.63477870419749,-8.972559123405377,-544.4814037040518
4,,-623.150179830878,70.0,14.151470370829513,-5.759263436809049,-701.5423867648984
4,,-812.8905875005767,74.0,28.524443622951537,-6.928930136403084,-908.4861009871252
4,,56.95974222374588,84.0,-12.719835026216813,-8.469762441397947,-5.8506603086393625
4,,-1.1684979549515049,89.0,19.52449431391336,-9.100194095472686,-100.59279817339218
4,,-1006.15138434416,62.5,13.059641269882249,-5.4413245340638,-1076.2697010799784
5,2,-736.816587024294,129.5,-52.93725372528833,-12.879877922395396,-800.4994553766103
5,3,-70.28194418848857,100.0,-49.80592547539477,-10.870946162541657,-109.60507255055214
5,4,-353.0996307147734,91.0,-1.749745408553235,-8.914738638843351,-433.43514666737684
5,5,-55.22467730053584,105.5,-43.57001193623027,-10.854692963691996,-106.29997240061357
5,6,-829.8107190639779,86.5,-36.31672241482568,-7.905454125362456,-872.0885425237898
5,7,-964.0920768162855,71.5,-19.136203600443572,-6.766590663077496,-1009.6892825527644
5,8,-78.93041335738793,121.0,-42.32118572043731,-16.172784004049067,-141.43644363290156
5,9,-235.96587792896844,72.0,26.29096613930794,-7.393107724474228,-326.86373634380215
5,10,-549.8063497552961,73.5,-30.613512254722263,-7.3278785690079875,-585.3649589315659
5,11,-51.28531457355686,82.0,4.3137829915243096,-8.355851474819978,-129.24324609026118
5,12,-196.983324796157,101.5,31.287852806361087,-10.705224549534533,-319.06595305298356
5,13,-334.66393484417694,111.0,15.783473326871535,-11.443054267195604,-450.00435390385286
5,14,-24.3364154125724,104.5,-30.224320477760852,-12.53624876568022,-86.07584616913132
5,15,-486.61205313936966,118.5,25.33896955270786,-12.139247121375146,-618.3117755707024
5,16,-938.6725480296907,68.0,19.492969444821743,-6.242370372603629,-1019.9231471019089
5,17,-356.81103480478197,60.0,-26.978070687714766,-5.605995619818308,-384.2269684972489
5,18,-361.39974664492655,91.0,-40.32394981036871,-9.485414073052299,-402.59038276150557
5,19,-6.117753823118022,162.0,43.99886338226092,-16.487663744852018,-195.62895346052693
5,20,-69.52209692677637,50.5,-3.297780116325962,-3.7962046506063376,-112.92811215984408
5,21,-196.448136335161,110.5,-77.34040358361577,-12.704238001700991,-216.90349474984424
5,22,-760.3867659446014,69.0,20.600971269560695,-6.835780779131766,-843.1519564350303
5,23,25.905358505655023,62.0,-9.274782178323148,-5.22547241351083,-21.594386902510998
5,24,-320.1735744076658,173.5,-21.682736456475844,-23.335939450006737,-448.6548985011832
5,25,-828.6825194052772,69.5,-50.42812562161289,-6.726903267499333,-841.0274905161649
5,26,-58.39743518606082,72.0,29.427683649275128,-7.344900122910433,-152.4802187124255
5,27,-653.5424879085151,67.5,35.77352481367123,-6.213408418495774,-750.6026043036906
5,28,-914.5804968579195,122.0,33.873548276576116,-11.749249289543732,-1058.7047958449518
5,29,-1707.1806257211827,122.0,-46.45196803762715,-13.415481111462551,-1769.313176572093
5,30,-1030.3595493434252,86.5,-41.243737595388666,-9.019211900628205,-1066.5965998474082
5,31,-341.85164258497275,169.5,-76.84506712756993,-22.772171663344626,-411.7344037940582
5,32,-1569.2614683552852,125.0,65.18343678339315,-14.324015629301485,-1745.1208895093769
5,33,-519.3407249303355,89.5,-12.8414096990761,-8.7703026658283,-587.229012565431
5,34,-40.01848166363632,82.5,-19.755397516688227,-8.466632180855049,-94.29645196609304
5,35,-1438.1214869442979,85.0,47.07210365044441,-8.172928585076205,-1562.020662009666
5,36,176.3559252383248,217.5,51.001249312072815,-22.11740106631194,-70.02792300743604
5,37,-867.2445352044077,55.5,17.64508282303806,-4.3819861726669025,-936.0076318547789
5,38,-976.5896491586443,85.0,22.434729431874576,-8.54042964202541,-1075.4839489484934
5,39,-216.49009472892922,166.5,14.810689444547016,-17.803122213801608,-379.99766195967464
5,40,-248.6630761103382,93.5,-52.48437719485477,-10.439881953407792,-279.23881696207565
5,41,-527.0134969833005,58.0,-15.729321952084971,-4.606428829856182,-564.6777462013592
5,42,-506.986070207091,91.0,5.909831748778686,-7.9876343795900615,-595.9082675762796
5,43,-604.0631839331265,61.0,20.50267718547083,-5.191756601950257,-680.3741045166471
5,44,-165.33460773761942,71.0,26.9690752264945,-6.474287783122971,-256.82939518099096
5,45,117.11357508731048,92.5,35.50190758259249,-9.630978999493731,-1.2573534957882657
5,46,-729.2660582019054,53.5,22.233810212916474,-4.6500862389327935,-800.349782175889
5,47,-302.2095181894381,87.0,-31.535323470124794,-7.5830088451490365,-350.09118587416424
5,48,-1330.3093825527399,103.0,-57.093611801777676,-9.835124797214277,-1366.380645953748
5,49,-235.08192691140485,81.0,-24.782836761383155,-9.044044216447048,-282.25504593357465
5,,-199.37636921185668,93.5,-38.89898255230475,-8.722861177450781,-245.25452548210114
5,,-534.6058519799321,72.5,33.27727717307774,-7.1094001328909044,-633.2737290201189
5,,25.11193324894613,103.0,7.385698879433854,-9.881096735988933,-75.3926688944988
5,,-1543.6960122178025,89.0,-30.951253485220295,-8.131191208517032,-1593.6135675240653
5,,-324.2390702181338,67.5,-32.38067666619913,-7.417584299998169,-351.9408092519365
5,,-791.871232683121,70.0,-23.964957259380196,-6.740361546363713,-831.1659138773771
5,,-15.868259592460916,137.5,-22.024182326244446,-14.720988794637435,-116.62308847157904
5,,-510.6363061485427,121.5,-81.13238715554935,-14.610753058959043,-536.3931659340343
5,,-368.0808255162732,102.5,-22.018430042508925,-10.526624315086856,-438.0357711586774
5,,-488.67719851370583,109.5,-20.229401824325137,-10.827202979453125,-567.1205937099276
5,,-312.01340069964084,58.5,-36.638356665895394,-5.1662788388072,-328.7087651949382
5,,-292.509648397515,114.5,-9.371356977834749,-13.251055787889252,-384.387235631791
5,,-453.385930267086,108.5,63.998120200785664,-11.532026700153015,-614.3520237677186
5,,-708.1751216856734,51.5,-11.548316588160825,-4.611002863541443,-743.5158022339712
5,,-569.5649099841755,243.0,-71.98587699710221,-31.395308367362706,-709.1837246197106
5,,-1030.4752914233352,69.5,-35.02953039713126,-6.819959743008663,-1058.1258012831952
5,,-644.8112930921764,97.5,-6.732266111304212,-9.64255434766113,-725.936472633211
5,,3.9209662897123536,64.0,23.856993218119218,-5.484375342417071,-78.4516515859898
5,,-276.83547977039876,104.0,35.87067486764521,-10.787863472302334,-405.91829116574166
5,,-977.4298963271357,81.0,-46.46453564556897,-7.508386012128032,-1004.4569746694386
5,,-731.8424288071101,152.0,-41.83041618952764,-17.206062875861488,-824.805949741721
5,,70.84981852445894,103.5,69.56232955145832,-11.019940056826353,-91.19257097017304
5,,-731.751088984108,77.5,42.10631982569526,-7.736635863899241,-843.620772945904
5,,-807.7612755864385,84.5,-58.072048463083306,-9.314213782005206,-824.87501334135
5,,-1261.439602195353,109.0,-22.36298116433533,-9.837715154065348,-1338.2389058769522
5,,-1237.9382547504886,138.0,30.99644482522124,-15.507199515951525,-1391.4275000597584
5,,-627.7417235755702,103.5,-25.678655553481974,-10.96394505221705,-694.5991229698711
5,,-5.814822049350511,66.5,-22.88294039285263,-5.415780175823762,-44.016101480674116
5,,-385.9706489288971,115.0,-19.402343038247793,-11.835035869039244,-469.73327002161005
5,,-36.763464556199295,124.0,36.630661764841335,-12.68330224143441,-184.71082407960623
5,,-775.5014540680934,57.0,-15.76606312970975,-5.064279669677832,-811.6711112687058
5,,-551.5837099832286,61.0,-33.59944072854895,-5.658730177592121,-573.3255390770875
5,,-821.4515705003322,87.0,-37.93540023084084,-8.841185984779033,-861.6749842847123
5,,-467.57622093202946,81.0,-13.08186030737495,-9.736500921227723,-525.7578597034268
5,,-645.0952839153731,97.0,-56.19214935714589,-9.801755605282375,-676.1013789529449
5,,-97.0807542965575,154.0,101.40655589070965,-17.467284435420936,-335.0200257518462
5,,-461.8995523566508,65.0,-20.01929945971254,-6.009552094335641,-500.87070080260264
5,,-521.8279200995303,67.5,-14.300354237410478,-5.95820483961214,-569.0693610225077
5,,-69.12467871863136,68.5,-2.6425296305685446,-6.077538145998918,-128.9046109420639
5,,-108.91247365614507,135.0,9.274523758982152,-14.335515735144849,-238.85148167998238
5,,-1938.209459580831,76.5,-25.21654879451729,-8.269419954135785,-1981.223490832178
5,,-645.3989398112228,98.0,-59.84164647345042,-10.323765887736412,-673.233527450036
5,,-289.2235823678176,120.0,35.19106561551695,-12.1170299318841,-432.29761805145046
5,,-1003.1131705781211,67.0,-22.94107491742514,-6.915693272590721,-1040.2564023881052
5,,-102.65569217700545,117.0,23.71764796511809,-11.636437415838897,-231.73690272628465
5,,158.0792179902872,100.5,93.05330755503886,-10.592353777238642,-24.881735787513026
5,,-98.57443284604122,120.5,26.852014300583793,-11.808804298928433,-234.11764284769657
5,,-777.4847024483041,87.0,-59.29199049544447,-8.269719778457016,-796.9229921744027
6,2,29.868184474333646,90.0,-29.808604000292355,-9.158659849801257,-21.16455167557274
6,3,-840.5159192199039,63.0,12.204477479976472,-5.201554412059929,-910.5188422878205
6,4,-176.0316945017675,72.5,-56.696426067919106,-6.399860852230082,-185.4354075816183
6,5,-326.6204622852524,84.5,-27.646367490982573,-8.223997904477512,-375.2500968897923
6,6,-418.3668898693064,46.0,-14.960169338927146,-3.628899889493939,-445.77782064088535
6,7,-1451.1666523138492,94.5,-49.30334995882464,-9.237809859365674,-1487.1254924956588
6,8,-663.6579649894798,164.5,-9.997126874595567,-21.88257545056078,-796.2782626643234
6,9,-357.4727888992959,138.5,-39.885201247312764,-14.888120359870992,-441.19946729211216
6,10,-302.8255123753973,71.0,-28.22392516270847,-6.114976701942151,-339.4866105107467
6,11,-82.82349623363775,72.0,-26.664032410417676,-7.24922858630488,-120.9102352369152
6,12,-394.0981871259436,56.0,-33.74006843429783,-5.195775329122811,-411.16234336252296
6,13,-400.4864004532052,107.0,-25.248612282636266,-11.642914588225077,-470.59487358234384
6,14,-225.15210037392907,98.5,60.557647358480104,-10.647254214536222,-373.56249351787295
6,15,-1039.9196386322847,92.0,-50.7223072458202,-9.732426019082737,-1071.4649053673818
6,16,-482.8553058847947,112.0,14.167865970056019,-11.440969544086283,-597.5822023107644
6,17,-182.43173672930817,118.0,40.63204076024842,-12.74990697205861,-328.313870517498
6,18,-960.3239654090354,56.0,-11.85851533275932,-4.676637824920879,-999.7888122513552
6,19,40.789606790692424,70.5,-14.321087519464946,-7.27482614726123,-8.114479542581398
6,20,75.94239567284282,215.0,-86.34472441372156,-29.989277718189662,-22.72360219524594
6,21,-440.30951576372826,142.0,-40.20192301699915,-15.629477606990593,-526.4781151397385
6,22,-208.24421892759202,120.0,88.83427628052257,-13.649806962529514,-403.4286882455851
6,23,-47.651817333367006,118.5,38.48572715131478,-12.29544352517676,-192.34210095950505
6,24,-343.5971734244679,98.0,10.091935851793115,-10.378686101729071,-441.31042317453193
6,25,-204.03171714139455,133.0,21.568330277750103,-14.085123000522438,-344.51492441862223
6,26,-646.9782299496005,73.5,-30.232000189627943,-7.674368907883444,-682.5718608520891
6,27,-404.3350338067299,58.5,-48.98832967242475,-7.2511937037015715,-406.59551043060355
6,28,-153.8974862831867,68.5,-26.160227918707502,-6.920920169225885,-189.3163381952533
6,29,-853.1360163776914,70.5,-32.57467351069578,-7.108741316095109,-883.9526015509005
6,30,-277.4449437060979,82.5,33.72702292831334,-7.962940856688872,-385.70902577772233
6,31,-263.0773706611318,108.0,-28.664669556844785,-12.498603926538088,-329.9140971777489
6,32,-465.3660706471851,137.0,-17.36613468559036,-18.356202493465634,-566.6437334681291
6,33,-152.85921381556713,107.5,-54.58215080427866,-11.61186213745537,-194.1652008738331
6,34,-58.6746650567587,80.0,-46.879790819646644,-8.337736632680617,-83.45713760443144
6,35,-381.9718540359194,107.5,-15.55024086561245,-11.704521180605836,-462.21709198970115
6,36,-56.20505661110713,86.5,-49.08356043788145,-7.733437554505017,-85.88805861872066
6,37,-61.16759833421099,102.0,47.84967110711079,-10.319395167693475,-200.69787427362832
6,38,-870.9815909246005,51.5,-14.256459377889719,-4.571872426960189,-903.6532591197506
6,39,-148.7147754737527,75.5,-37.50112587570735,-6.609773518095637,-180.1038760799497
6,40,123.25436126267948,133.5,62.28260839182496,-15.048358461118838,-57.47988866802666
6,41,-1171.9489698292332,119.5,89.03914285899495,-13.404059027713494,-1367.0840536605147
6,42,-368.53488947081604,60.5,-10.775574637004036,-5.0581062675959965,-413.201208566216
6,43,-846.7068113634248,89.0,60.16974263756885,-10.177098020326936,-985.6994559806667
6,44,-14.07575786357802,250.5,47.69039454892022,-28.163223847117628,-284.1029285653806
6,45,-336.7161738374445,101.5,58.416619100668065,-10.712995800670171,-485.9197971374424
6,46,56.450948153945006,142.5,78.94397601041598,-14.826014003338887,-150.1670138531321
6,47,-1215.363953868271,76.0,-24.33709860171207,-7.706947506593142,-1259.3199077599659
6,48,-796.8505597967744,117.0,-44.140994907653344,-11.036953312751004,-858.6726115763701
6,49,-1610.7259583235218,78.5,-51.41363186368179,-8.40936062919925,-1629.4029658306408
6,,-277.24573285944047,85.5,-29.1229235632578,-7.971418650558887,-325.6513906456238
6,,-209.4713835689396,126.0,-58.56532296940163,-15.431645873344468,-261.4744147261935
6,,-41.78488364512957,121.0,-52.059987041099205,-15.717918421865164,-95.0069781821652
6,,-358.3327438515473,82.0,-29.394321772578802,-8.379944647088521,-402.55847743187996
6,,-631.8698560744026,88.0,-57.25329762271504,-9.348816105207426,-653.2677423464802
6,,-364.5899202691734,153.0,29.633837728967972,-16.638099450720706,-530.5856585474206
6,,59.13082542603535,68.5,38.728754864795974,-6.656873614965797,-41.44105582379482
6,,-1469.6348314733596,85.5,20.912912649392208,-8.902785802438794,-1567.144958320313
6,,-1119.635185408656,111.0,-19.837835043680755,-11.14760547817747,-1199.6497448867979
6,,-72.03097285152302,96.0,-39.00945241582413,-10.327659739557083,-118.6938606961418
6,,-140.01159707373006,45.0,-21.05853524997658,-3.7193400408469417,-160.23372178290654
6,,-673.9837432436185,73.5,22.169910234530278,-6.543274447067051,-763.1103790310817
6,,-66.59469039000776,60.5,10.140231427870912,-5.246966912036467,-131.9879549058422
6,,-512.4777971333422,79.0,-41.10893522851743,-7.272059360121356,-543.0968025447033
6,,-875.1957615936255,55.5,-33.612672328214835,-5.16275832427153,-891.9203309411391
6,,139.46613307560418,250.5,-19.072042568477766,-29.55821083992636,-62.40361351599168
6,,-702.3176381792009,78.0,-58.08261388779625,-8.934302918452818,-713.3007213729519
6,,-1078.4861886777383,129.5,-55.03973316869783,-14.883038312103432,-1138.063417196937
6,,-1825.4379750131898,62.5,-19.499903250754336,-6.582641563186397,-1861.855430199249
6,,-1395.5579024914696,125.5,-13.84641775203948,-16.83965941531665,-1490.3718253241134
6,,-530.8235861859222,158.5,-93.29406607857757,-17.35142971862314,-578.6780903887214
6,,-71.21561183275726,53.0,-17.03569318400252,-5.127127571857251,-102.05279107689749
6,,-1383.7257743064517,75.0,-31.58197761689123,-7.454866018356957,-1419.6889306712035
6,,-758.3575920808871,147.5,32.24378379574109,-15.283395858686294,-922.8179800179419
6,,-395.69138920586295,145.0,-24.375710870227522,-14.821819764799704,-501.49385857083576
6,,-57.11765664060352,95.5,-54.13774909080544,-10.206190766242779,-88.2737167835553
6,,-398.6749305020727,45.0,-20.086448507807646,-3.73289952953548,-419.8555824647296
6,,-934.1559349010894,83.5,-27.501569852216413,-7.257920083105541,-982.8964449657674
6,,-669.3522994746647,68.0,27.66324652853826,-6.057151324438462,-758.9583946787645
6,,-288.03598423677033,69.0,-35.496171181651036,-6.887587879796292,-314.652225175323
6,,44.72260109098707,140.5,31.002909616296066,-13.973138327700008,-112.80717019760897
6,,-920.4875621230893,138.5,28.18112268471593,-14.036753912081902,-1073.1319308957234
6,,24.056392183994426,136.0,-50.9963738170657,-14.960651870239115,-45.98658212870075
6,,-867.650763401523,89.5,-42.72201794495928,-9.459539747037494,-904.9692057095262
6,,-169.2969587811235,70.5,33.63845006579083,-7.042084414827605,-266.39332443208673
6,,-969.8631048803318,64.0,16.609048922613216,-5.132036255727955,-1045.340117547217
6,,-439.7268946373979,94.0,-42.979215615855736,-9.389197331050605,-481.35848169049154
6,,-21.993620564115673,58.5,-42.42523659449101,-6.248857758372735,-31.819526211251926
6,,-1091.6903126886061,49.5,-16.954767795415716,-4.872878687042249,-1119.362666206148
6,,-1090.08793543186,62.5,-47.241237173736494,-6.4572379077276105,-1098.889460350396
6,,-150.7337908237465,73.5,-31.691592406824437,-7.223274463041806,-185.31892395388024
6,,-737.971959996508,74.5,-12.799146374155079,-7.630961841518503,-792.0418517808343
6,,-42.69053748953576,82.5,36.223816782562324,-7.445458484227284,-153.9688957878708
6,,69.0732540117732,107.5,21.78992657552271,-9.849862765688039,-50.36680979806147
6,,-424.20057846214956,100.0,-14.736784336201946,-8.197463043077597,-501.26633108287
6,,-225.16231425493598,92.5,-14.744264318950567,-9.941827568977967,-292.97622236700744
6,,-1507.3538969416638,67.5,-29.42030959539914,-6.15371224530427,-1539.2798751009605
6,,-1381.312657790554,67.0,-24.54173007590778,-6.892675045430763,-1416.8782526692155
7,2,36.458309608511314,64.0,-19.751452556696897,-5.7206486470112345,-2.069589187780548
7,3,-227.14425837708137,139.5,40.99450184028091,-14.050779022249161,-393.5879811951131
7,4,-1238.2530922347087,80.0,-31.61828307783246,-8.194250555583222,-1278.440558601293
7,5,-330.46975063585376,97.0,-38.46530550372489,-10.535952212532022,-378.4684929195968
7,6,-532.5249816521164,109.0,-6.881831701203967,-10.178359037271566,-624.4647909136409
7,7,-927.4148805974809,93.0,-24.329434728715974,-8.993999462241131,-987.0914464065238
7,8,-78.5976614903276,250.5,45.75166937205489,-32.85304527446724,-341.9962855879152
7,9,-739.0933082298275,86.0,32.73906311143753,-8.348584808422267,-849.4837865328427
7,10,-946.9248534501157,86.5,-27.567253721984088,-8.520478915295273,-997.3371208128364
7,11,-344.4736230915739,81.5,-25.448274787947103,-8.477177565449892,-392.04817073817696
7,12,-158.7181908169703,71.0,-45.04189271548562,-7.7796717854028135,-176.89662631608186
7,13,-865.6894589149797,250.5,-13.38819083797838,-28.26624930536957,-1074.5350187716317
7,14,-227.66398559795704,117.0,-34.384325130708284,-11.721688350492592,-298.55797211675616
7,15,-633.0343692178891,158.5,13.160887256719738,-15.647929690110663,-789.0473267844982
7,16,-726.3061410327206,73.5,-40.49278189556153,-6.570391604895444,-752.7429675322636
7,17,-566.8481951740189,89.5,-51.86404791775484,-9.41881688840985,-595.0653303678542
7,18,-380.46427387285,148.0,-69.36185077675128,-17.54396151923455,-441.5584615768642
7,19,-1591.0078789806091,250.5,-16.25161931340843,-32.876951851306394,-1792.3793078158942
7,20,-1418.5739789451268,69.5,-52.60473773789037,-7.630998576804956,-1427.8382426304315
7,21,-1591.6170227330183,99.5,-38.24177193850742,-9.706437153614276,-1643.1688136408966
7,22,-514.6108991886705,62.0,-52.868869350211384,-6.557378732779575,-517.1846511056796
7,23,-201.50636295936133,93.5,-31.35588778673047,-9.864764047410988,-253.78571112521988
7,24,-2356.5681361515913,67.0,-44.866250025637996,-7.495788356787758,-2371.2060977691654
7,25,37.2304951605319,104.5,69.14867838671589,-11.264032384820855,-125.15415084136312
7,26,-184.29936667352808,74.0,-33.85127641661206,-6.560490987826378,-217.88759926908966
7,27,-836.3598260325206,49.0,-42.372440376420236,-5.2643996973298615,-837.7229859587704
7,28,-722.8794619138927,122.0,-42.34519457383294,-15.022921757014151,-787.5113455830456
7,29,-247.5984004896739,72.0,-29.870286460638557,-7.10042573068111,-282.62768829835426
7,30,-607.0342970205342,78.0,-33.863087153082745,-8.054412371917685,-643.1167974955338
7,31,-631.810588831816,60.5,-34.26037090004492,-6.226149284456386,-651.8240686473147
7,32,-969.8462733290289,95.0,47.61467933296186,-9.4184288295336,-1103.0425238324572
7,33,74.23483070928154,97.0,57.11146569520242,-10.66998143155614,-69.20665355436472
7,34,-1408.1277476463833,64.0,24.304003027275826,-5.583700404285375,-1490.8480502693737
7,35,-121.08490502160303,82.0,-52.275661868381874,-8.688969147028072,-142.12027400619309
7,36,-201.7964733009028,80.5,-11.424293738867753,-7.018210125629741,-263.8539694364053
7,37,-1265.4684413734083,135.5,40.681205569939465,-13.030279136864518,-1428.6193678064833
7,38,-990.1110395815233,80.0,-51.33288177716593,-7.527115755252436,-1011.251042049105
7,39,2.258377591980228,84.0,-52.768974735703985,-9.402702491807412,-19.569945180508377
7,40,-368.63007969666205,250.5,-24.005474494342824,-33.93604685932041,-561.1885583429988
7,41,-827.5265805382916,109.0,-51.725883770245325,-11.230191856988927,-873.5705049110574
7,42,-954.6809048013299,88.5,-58.05501890282152,-8.303046016351882,-976.8228398821565
7,43,33.77064787677993,104.5,-45.05221700730868,-12.276991433742362,-13.400143682169029
7,44,-375.73167892442456,105.0,-8.59484266807456,-13.010654025512771,-459.12618223083723
7,45,-253.15075615990537,75.5,-42.028484997445574,-7.802436382935221,-278.81983477952457
7,46,-41.62192670336617,177.5,-14.696906437883829,-16.993141016825614,-187.43187924865674
7,47,-210.91228600176746,129.0,-47.65562929101375,-14.342183635880138,-277.91447307487357
7,48,-1096.9967680392822,69.5,33.69084687943084,-6.998386917281419,-1193.1892280014315
7,49,-123.64032357378365,71.0,-11.983595209570023,-5.6631414712492445,-176.99358689296437
7,,29.660023754579242,194.0,8.492113297272068,-20.67315508243301,-152.15893446025981
7,,-1428.540904662206,76.0,-52.64391245858162,-7.616391845673697,-1444.2806003579508
7,,-698.5267786680223,97.0,-73.5046274033688,-11.568647968678196,-710.4535032959753
7,,-209.18560165134014,84.0,-66.55164256760483,-9.34946922234899,-217.2844898613863
7,,-1945.8686283932643,76.5,-35.03925483172295,-8.762524450633844,-1978.5668491109075
7,,-245.4958496067097,94.0,31.358949109927785,-7.905564237795855,-362.9492344788416
7,,-731.454114690115,94.0,61.157426624734654,-11.107805292205168,-875.5037360226445
7,,-932.1369736460482,120.5,-18.191077026638318,-13.726428481289902,-1020.71946813812
7,,-177.39229721441478,88.0,-22.610641786371133,-9.093911850000504,-233.68774357804315
7,,-210.57681591450495,109.0,28.952413423939696,-10.85121322183049,-337.6780161166142
7,,-490.1810866006741,133.0,7.105199352200883,-15.371236013122585,-614.9150499397524
7,,-248.96558553944416,63.0,-23.01586217773938,-7.10362396387801,-281.8460993978268
7,,-1143.984191146072,76.0,51.973849274844135,-7.955477577876647,-1264.0025628430394
7,,-100.07668009080531,91.5,42.274632575985244,-8.817413151489022,-225.03389951530153
7,,-96.6945342609655,105.5,45.523291468768,-10.692523886526512,-237.025301843207
7,,151.509742857082,121.5,84.5138307023341,-12.701190403154515,-41.80289744209759
7,,-590.610340670119,85.0,-47.23253949598092,-9.728077979268761,-618.6497231948692
7,,-152.5412702417118,60.5,26.25202931806197,-5.086649951526432,-234.20664960824735
7,,-210.94070018734374,99.5,-10.107844712112945,-9.74731613661581,-290.585539338615
7,,-580.6947615074764,105.0,-46.19788185812718,-11.11421296454582,-628.3826666848034
7,,-28.68606714835485,146.0,-25.528490495359144,-14.736564939460633,-134.42101171353508
7,,-250.53243754147132,75.5,31.268978707786307,-6.133966485330911,-351.1674497639267
7,,-132.05635779048552,130.0,26.93620180716679,-13.208425396423426,-275.7841342012289
7,,-949.8796572448472,82.5,-58.184521661868516,-9.506561315619244,-964.6885742673594
7,,-576.6431028711097,96.5,-35.42059689045536,-9.649628885243793,-628.0728770954106
7,,-192.12470468884396,61.0,24.679054530293758,-5.477809099629212,-272.3259501195085
7,,-347.8383348422177,99.5,-59.24003531415872,-11.040849013209817,-377.05745051484917
7,,1.9627706762646184,67.0,-9.020264609113722,-7.317440187733211,-48.699524526888446
7,,-402.34145859917726,72.5,33.354032284514375,-6.483413671844467,-501.71207721184715
7,,-874.0117560448294,66.5,30.003213810308463,-6.145985896643981,-964.3689839584939
7,,-374.58317056638475,241.5,11.097951094476075,-23.728820253677185,-603.4523014071837
7,,-541.0316733434765,106.0,71.29660817991316,-11.31573964202424,-707.0125418813655
7,,-84.93803870698716,75.5,-13.819754086932765,-9.03592743332658,-137.58235718672782
7,,-446.1164849674006,250.5,-80.33648582725189,-30.596987732939542,-585.6830114072092
7,,62.28307397310755,186.5,34.141757012292075,-20.767482744070406,-137.59120029511413
7,,-1629.4782365627725,62.0,-41.29320818840025,-5.786270429395815,-1644.3987579449765
7,,-200.94185818771726,88.0,-15.812459913844208,-10.58647656725554,-262.5429217066175
7,,-545.9738076766081,113.0,-42.66854740264083,-12.264720380847125,-604.0405398931201
7,,-62.858417912107015,71.0,-35.26410218267575,-7.71205317915737,-90.8822625502739
7,,-844.4523457590136,82.5,-28.949329161638442,-8.635719968276526,-889.3672966290986
7,,-587.0413042510138,71.5,-33.07364194191686,-7.15962140787321,-618.3080409012238
7,,-2203.525695151105,76.5,-42.99726854105224,-7.56324875225146,-2229.4651778578013
7,,-917.2390998009733,120.0,-62.50723815472758,-11.076457284557575,-963.6554043616882
7,,-664.1653121762329,88.5,-31.787868315991112,-9.248930812683543,-711.6285130475583
7,,-896.4411809609758,128.0,-35.82710014484235,-15.980838123841744,-972.6332426922917
7,,22.279613956518915,84.0,36.11502590577729,-9.183786188548943,-88.65162576070944
7,,-348.73879781525665,80.5,32.85144438791697,-6.768328837497745,-455.32191336567587
7,,-3.4095111450560296,103.0,41.70054741230485,-10.7362772669325,-137.37378129042838
8,2,-609.7674052905688,106.5,-12.675722706248024,-11.642981111328952,-691.9487014729918
8,3,-887.799981619467,88.0,-61.31246968984723,-8.949740708149465,-905.5377712214703
8,4,-74.4303987335133,236.0,62.10855945014095,-28.582428667392254,-343.956529516262
8,5,-195.72093714378656,97.5,-65.92812371834746,-14.623680935915559,-212.66913248952352
8,6,-478.81236044733754,104.0,-30.740293848711413,-11.486142323478193,-540.5859242751479
8,7,-906.9472652259348,67.5,-6.6614341998025175,-5.474280036581666,-962.3115509895506
8,8,-1305.3944307660206,100.0,63.72001476955224,-9.534647796742876,-1459.57979773883
8,9,-1519.7457883856744,61.0,-30.82785552894277,-6.247392233937377,-1543.6705406227943
8,10,-134.97168476111582,105.0,-39.957747543844064,-10.860691775318982,-189.15324544195278
8,11,-632.4449691425891,79.5,-41.97879255365447,-7.810038384385299,-662.1561382045494
8,12,-462.3251750039106,84.5,-31.346826368847744,-9.745357064103962,-505.7329915709589
8,13,-768.8972409779531,77.5,-25.733074859423166,-7.679971946461106,-812.9841941720688
8,14,-333.52414332496767,74.5,-41.2369418976827,-8.194867233475259,-358.59233419380973
8,15,-689.6188160098203,105.5,-33.131740279055116,-11.893330803420547,-750.0937449273447
8,16,1.3737235054080585,94.0,-46.07719908958342,-10.008084652225152,-36.540992752783374
8,17,-1317.461337497225,250.5,120.5471774515598,-23.93608673637838,-1664.5724282124065
8,18,-128.11423063549256,90.5,-38.37779231413125,-8.758601416025547,-171.47783690533575
8,19,-331.99770819226245,72.0,42.231871324484636,-6.479091291447571,-439.75048822529953
8,20,-1431.3057475107628,58.0,16.530349550101906,-5.107380129774399,-1500.7287169310903
8,21,-765.0794618375215,63.5,-29.471763504943127,-5.528722455428775,-793.5789758771497
8,22,-36.668276685426434,71.0,10.918650726494851,-6.372221423246778,-112.2147059886745
8,23,-1059.9468270552215,99.5,60.65806086417713,-8.661151872556959,-1211.4437360468417
8,24,-402.7034547934804,65.0,18.240220094512054,-6.188389651269862,-479.75528523672256
8,25,-1405.2089235725389,83.5,24.581874394998547,-9.39057097468873,-1503.9002269928487
8,26,-107.16375908168388,135.5,-95.36757685780837,-18.35986564403313,-128.93631657984238
8,27,-153.60178541078463,250.5,-8.904184006014408,-31.46512068906597,-363.73248071570424
8,28,-13.331855690613793,103.5,74.47808717952448,-10.619283432104995,-180.6906594380333
8,29,66.98853061644562,118.5,20.719912239204756,-14.541924562295792,-57.68945706046334
8,30,-298.9777923431776,83.0,1.7454326981116843,-8.459640846320648,-375.26358419496864
8,31,-2430.902813389363,76.5,36.4520817069136,-7.061610066346192,-2536.7932850299303
8,32,-446.5667577654233,82.0,38.444615768411786,-8.569210415475327,-558.4421631183598
8,33,-12.29303836270897,105.5,-33.375333975504596,-13.34034561798913,-71.07735876921525
8,34,-319.8698697171943,86.5,-28.669404036073463,-10.277287270009548,-367.4231784111113
8,35,-1497.8823056808512,75.0,35.8210027786245,-7.072993152849396,-1601.6303153066262
8,36,-9.924601577638356,250.5,-7.895642179561864,-22.333385766246174,-230.1955736318303
8,37,-1379.546173796575,67.5,-36.35821079102992,-6.601766577087258,-1404.0861964284577
8,38,-471.66227563529924,102.0,-9.033824005651956,-13.235209802113497,-551.3932418275338
8,39,-1270.7663553432956,89.0,-57.62613876201572,-9.3519198466251,-1292.7882967346548
8,40,-592.0830021073739,250.5,11.859786213694454,-29.8069625528453,-824.6358257682231
8,41,-18.216586677253787,75.5,31.247229050484776,-7.905200478080995,-117.05861524965756
8,42,-241.15380159904595,86.5,-41.61807145972147,-9.284158681764566,-276.7515714575599
8,43,-789.8681527496108,70.0,10.047830409408478,-5.051821407001127,-864.8641617520182
8,44,-408.1058762383659,107.0,36.89611845370051,-10.546364272647262,-541.4556304194192
8,45,-1249.7765300281303,94.5,-53.81164539702377,-9.763026462071705,-1280.7018581690347
8,46,-522.0485403188006,89.5,41.323137746202086,-9.139909772826545,-643.7317682921762
8,47,-133.45112269296493,109.5,55.77852888236477,-11.296738102650082,-287.4329134726796
8,48,-544.8928393701303,88.5,-44.39545488979392,-7.510659790643672,-581.4867246896928
8,49,-239.54689252998938,117.0,-37.69764740262917,-14.000521792793474,-304.8487233345667
8,,-174.99044430161217,85.5,24.39644613802435,-9.076599415408696,-275.8102910242278
8,,-1211.7845220805016,45.5,-22.028714562732,-3.9380233053655576,-1231.317784212404
8,,10.546194656783431,85.0,-43.68425733634364,-11.088684838134645,-19.68086316873828
8,,-781.4074006331764,79.0,-22.228960666499574,-7.708937791289084,-830.4695021753878
8,,-1488.6173893640212,62.5,-28.482898497991698,-5.129939025211269,-1517.5045518408183
8,,-121.77151187839819,84.5,-41.55819944098123,-10.162228214979732,-154.55108422243723
8,,-730.7828857829451,96.5,-68.35997990151162,-10.842647946797046,-748.0802579346364
8,,-98.39529083286726,141.5,-15.190233948162472,-18.743804620565413,-205.96125226413938
8,,-828.7651023256858,112.5,-50.69924568907387,-13.87127136519441,-876.6945852714175
8,,-927.3276099552791,136.0,-46.33139202310324,-19.354129403096312,-997.6420885290795
8,,1.6329791476921685,122.0,73.73925806876747,-12.529125496261008,-181.5771534248143
8,,-567.5258560771542,100.0,37.439236950170276,-9.004788519293268,-695.9603045080312
8,,-447.29365789919086,79.0,-47.267330349983226,-8.820738678145055,-470.20558887106256
8,,-693.7019037482415,80.5,-20.405125892297857,-7.954681476816807,-745.8420963791268
8,,-565.2022038712967,113.0,-43.74993575052697,-10.971517097370171,-623.4807510233995
8,,-522.524082198708,102.0,-28.28808557374581,-10.487440904977072,-585.7485557199851
8,,-389.2414200766794,106.5,-12.382245798418314,-10.89740547671621,-472.46176880154485
8,,-536.8427888439486,77.0,-35.67804635382284,-8.093637227105575,-570.0711052630202
8,,-655.9583310338727,91.5,-66.81557333083742,-8.895925340300765,-671.7468323627345
8,,-139.14536347056455,83.0,-44.15352400022221,-8.596225093021268,-169.39561437732107
8,,-533.4893086286802,82.5,33.32653377658326,-8.109811007728311,-641.2060313975352
8,,-142.57726368489824,43.5,-7.714355214826382,-3.7105594563756217,-174.65234901369624
8,,-796.7707170572156,105.0,-33.57987426306256,-12.046457704313113,-856.14438508984
8,,-282.4916992942487,57.0,-20.490500208567195,-5.286808413378931,-313.71439067230256
8,,-180.23014507490979,82.0,10.878106114150636,-8.615318577392234,-264.4929326116682
8,,-507.84794958489226,78.0,18.505275973987082,-8.081417323295698,-596.2718082355836
8,,-266.8457252484444,84.5,-55.24761845302717,-10.488441738336974,-285.60966505708024
8,,-22.93418544998201,120.0,53.2386303884004,-9.720430415980823,-186.4523854224016
8,,-406.8089372383282,96.5,-47.377034616851745,-9.93981868957288,-445.9920839319036
8,,-171.02108464238893,55.5,-44.91751754083914,-4.929191025150338,-176.67437607639945
8,,-203.86955921621328,48.5,-16.289271158981766,-3.8525865852792585,-232.22770147195226
8,,30.713144944950727,95.0,6.547650559861024,-10.448809079616035,-60.38569653529426
8,,-52.64176836286666,133.0,61.75009923185673,-15.14244607563042,-232.24942151909295
8,,-1207.1649850067647,53.5,-24.70390102133979,-5.3937711214468465,-1230.567312863978
8,,-1450.8059824288005,62.0,-41.201682849590426,-6.076033032944955,-1465.528266546265
8,,-406.9426913123608,66.0,-21.23357092606554,-5.4849543899379025,-446.2241659963574
8,,-575.1313213093224,49.0,-22.08794992224564,-4.139032385450841,-597.9043390016259
8,,-931.1931570016872,58.0,-37.972752068500256,-5.799908422956729,-945.4204965102301
8,,-70.38808070162361,107.0,1.586181966790628,-10.159247279402475,-168.81501538901176
8,,-78.03720465256274,250.5,-101.67407363169686,-32.64187988168279,-194.2212511391831
8,,-542.5425202492113,99.0,-5.486656069359435,-9.93754799195389,-626.118316187898
8,,74.575208041751,113.5,59.6295835509055,-14.347029386223548,-84.20734612293096
8,,136.74665854698986,106.5,50.161041000195475,-10.010556013495544,-9.903826439710054
8,,124.84730337839918,133.0,40.10280227985822,-14.122868992379217,-34.13262990907983
8,,-723.0422804462571,74.0,-36.47223404485982,-7.974437686319738,-752.5956087150776
8,,-83.34748391873553,84.5,29.577778618942915,-8.654055667192198,-188.77120687048625
8,,3.857565850760556,88.5,-71.21572782223075,-11.272478341406828,-2.1542279856018696
8,,-912.9625550011917,109.5,28.38409697482246,-10.536440025172961,-1040.3102119508412
9,2,-439.31994838336175,65.0,25.322266593366763,-6.33358717791894,-523.3086277988095
9,3,-650.7467625928934,46.5,-10.942105680030508,-3.9695798044092987,-682.3350771084537
9,4,-1480.991869340268,116.5,-40.85137560293602,-11.498037487838383,-1545.1424562494938
9,5,-96.40423036726959,68.5,-22.60772892561702,-6.793793138338547,-135.50270830331402
9,6,-507.7904538773263,126.0,15.887372502126727,-12.892361221978216,-636.7854651574748
9,7,-279.7191760376872,104.5,-39.224900466980614,-15.081763660615717,-329.91251191009087
9,8,-183.55001713306748,104.5,-92.05331083028274,-10.699717732898268,-185.29698856988648
9,9,46.33973813975983,84.0,-11.419172254688934,-8.857757745477665,-17.38333186007358
9,10,-822.2108264300163,51.5,-28.83268576029778,-4.230167646706091,-840.6479730230124
9,11,-299.9060054788936,78.0,-18.335663333546695,-7.437133998346883,-352.133208147
9,12,-1998.1411927227762,99.5,-17.24883267636472,-10.981585680930705,-2069.410774365481
9,13,-1434.2957551505758,71.5,-22.183243883044973,-6.93831974417938,-1476.6741915233515
9,14,-864.7312457419476,102.5,63.67456610336372,-10.828110692213581,-1020.0777011530978
9,15,-1209.7184029216337,64.0,-32.719918314693345,-6.320749392680126,-1234.6777352142603
9,16,-920.279734731108,57.0,-37.16825664046792,-5.751869762887903,-934.3596083277521
9,17,51.03094283282712,105.5,-27.69855221632762,-11.381398066293533,-15.389106884551735
9,18,-495.07616689891404,91.0,-57.168581381436304,-10.567826698416736,-518.339758819061
9,19,-258.9515389859128,72.0,-34.92287498144871,-9.429070897534094,-286.59959310693
9,20,-1470.087915391321,108.5,23.14951419895604,-10.670399196006608,-1591.0670303942704
9,21,-326.28629534975744,111.5,-12.537003564613078,-10.150407496171141,-415.09888428897324
9,22,-888.2435924972806,86.5,55.443193044788394,-9.286560617106922,-1020.9002249249621
9,23,-449.0066774140753,83.5,-29.90023864590542,-11.750378868520485,-490.8560598996494
9,24,-37.93472576494646,73.5,-21.50023329501643,-6.859540481413087,-83.07495198851694
9,25,-972.9445960569769,62.0,-26.938786258307175,-5.671521117830181,-1002.3342886808396
9,26,-916.8475601544919,99.0,-10.193248399327175,-10.364404628175048,-995.2899071269896
9,27,-81.1264743038258,89.5,-49.14097551150563,-10.872738094011837,-110.61276069830834
9,28,-356.0982983010645,79.0,-41.64588749583002,-9.41131182038424,-384.04109898485024
9,29,-322.31467551631556,70.0,-7.910347190616159,-6.596209308451764,-377.80811901724763
9,30,-500.17895921521534,89.0,-53.81819340296975,-9.08979566367651,-526.2709701485691
9,31,-182.6594322537607,55.5,-55.487109826635255,-5.997946350725996,-176.67437607639945
9,32,-796.5341765490077,64.0,-29.334698506133442,-5.578714384163523,-825.6207636587108
9,33,-386.7435776392284,83.0,-3.2790346136197757,-8.838195498014286,-457.62634752759436
9,34,-358.8566626942985,132.0,62.31701260029558,-12.948699201628973,-540.2249760929651
9,35,24.329186050317304,131.0,45.12992403133674,-13.7349089374085,-138.06582904361093
9,36,-243.04754496801294,59.5,-6.952738652219052,-5.213569658980907,-290.381236656813
9,37,-721.8080618699599,84.0,-32.7513458362519,-7.828568415304625,-765.2281476184035
9,38,-266.57302008132456,71.0,-41.29986186075694,-8.10555402303694,-288.1676041975307
9,39,-362.06733134738136,98.0,-72.02837979723463,-11.393360957805331,-376.64559059234136
9,40,-946.582693973557,89.0,23.429447182075698,-9.090025719257058,-1049.9221154363756
9,41,-514.4932559727962,75.5,39.34925006390329,-7.856343142601013,-621.4861628940985
9,42,-236.69938575839976,56.0,-26.22180730886473,-4.831570103375257,-261.64600834615976
9,43,-460.03957080498594,99.5,49.04553741185475,-10.961974150437202,-597.6231340664035
9,44,-638.1643290279827,73.5,-48.930176255757786,-7.393597154074693,-655.3405556181502
9,45,22.27215435512352,61.5,-21.20125335521052,-5.941199185030216,-12.08539310463575
9,46,-1006.0925091160074,47.5,-24.300338325854288,-4.412099896916843,-1024.8800708932363
9,47,-1039.8601268752088,87.0,-55.2362998722911,-9.504680473854915,-1062.1191465290628
9,48,-576.9546616917094,89.0,-76.02193812378681,-11.326654525597204,-578.6060690423253
9,49,-111.94566608548425,155.0,-139.40403549295715,-16.34722676594857,-111.19440382657854
9,,-1911.1283557220431,83.5,29.138631274510754,-8.734728993844357,-2015.0322580027096
9,,-574.5022897022076,61.5,-62.60233969395783,-6.446166477897072,-566.9537835303527
9,,-455.8138419420002,72.0,-46.75798075675521,-7.686155375949408,-473.36970580929557
9,,22.27215435512352,61.5,-21.20125335521052,-5.941199185030216,-12.08539310463575
9,,-641.655535420219,74.5,-31.993732056062345,-7.879344980924584,-676.2824583832321
9,,-43.65541952308831,87.5,-52.247448197431126,-10.031934120518173,-68.87603720513901
9,,-849.8271229074653,86.5,-50.19622105860902,-8.49952579286936,-877.631376055987
9,,22.27215435512352,61.5,-21.20125335521052,-5.941199185030216,-12.08539310463575
9,,-899.2857659954107,112.5,12.041047328154974,-11.304457878340406,-1012.5223554452252
9,,-499.4693200679544,90.0,-42.091333952625135,-8.416768824372811,-538.9612172909565
9,,-1168.4198355960732,77.5,-45.728096762945896,-8.835730483235189,-1191.3560083498921
9,,22.27215435512352,61.5,-21.20125335521052,-5.941199185030216,-12.08539310463575
9,,-1068.7123088469223,76.0,-39.10442820276283,-7.997356337191919,-1097.6105243069676
9,,-1558.677673480723,64.0,-4.543224890322468,-5.927596216070769,-1612.2068523743296
9,,100.00879637960115,100.5,13.643879676898907,-9.883393639226247,-4.251689658071519
9,,22.27215435512352,61.5,-21.20125335521052,-5.941199185030216,-12.08539310463575
9,,-1499.6713597800047,110.0,37.56076033356443,-10.686138708475912,-1636.5459814050932
9,,-73.73253756893683,132.0,35.54306015162326,-13.085022637734383,-228.19057508282572
9,,25.337010601567883,103.5,-35.930650945850964,-11.624102318777386,-30.608236133803757
9,,22.27215435512352,61.5,-21.20125335521052,-5.941199185030216,-12.08539310463575
9,,-586.3205733396071,111.0,60.240654998170356,-11.881162990048114,-745.6800653477293
9,,-623.5718655766034,106.0,-26.80051519294265,-11.267505273139484,-691.5038451105212
9,,-276.350660892698,250.5,18.4448420960745,-30.951296457739573,-514.3442065310329
9,,22.27215435512352,61.5,-21.20125335521052,-5.941199185030216,-12.08539310463575
9,,-385.55654675960494,49.0,-8.497064385677898,-4.025109838137932,-422.0343725357891
9,,-607.1483997726774,58.0,-40.042820921558416,-5.588083293663422,-619.5174955574556
9,,-855.705753052057,56.5,-39.180923526754164,-5.892265399548534,-867.1325641257544
9,,22.27215435512352,61.5,-21.20125335521052,-5.941199185030216,-12.08539310463575
9,,-102.56894262302916,68.5,-19.04659028956317,-7.107378045718345,-144.91497428774764
9,,-187.89913121437598,77.5,-50.37189496099564,-7.753829681087096,-207.27340657229325
9,,-1221.857134321125,108.0,-58.675666680016604,-11.10837564883757,-1260.0730919922707
9,,22.27215435512352,61.5,-21.20125335521052,-5.941199185030216,-12.08539310463575
9,,-538.791901003963,84.0,-9.661445170730639,-9.578370727685558,-603.5520851055468
9,,-261.95792735380775,107.0,-54.51480481826445,-9.624672860628838,-304.81844967491446
9,,-1030.8057669717443,102.0,-55.71794568932936,-10.969215397241463,-1066.1186058851736
9,,22.27215435512352,61.5,-21.20125335521052,-5.941199185030216,-12.08539310463575
9,,-245.43913641424547,109.0,-30.96189139037673,-11.934008391903864,-311.5432366319649
9,,-128.89679700219247,85.5,-70.90216822193092,-9.12390255768671,-134.37072622257483
9,,-555.8772547738658,67.5,-40.53669016779561,-7.30418349479138,-575.5363811112788
9,,22.27215435512352,61.5,-21.20125335521052,-5.941199185030216,-12.08539310463575
9,,-707.1857080172001,94.5,-60.52695947395035,-10.838357636410489,-730.3203909068393
9,,-361.7820618118301,53.0,-42.279499752806956,-5.603952223738169,-366.89860983528496
9,,-306.3144394217853,65.5,-52.92985423832593,-6.510773895049321,-312.3738112884101
9,,22.27215435512352,61.5,-21.20125335521052,-5.941199185030216,-12.08539310463575
9,,-295.01255176118656,49.0,-10.165262182378633,-4.579241497928121,-329.2680480808798
9,,-99.06153824431836,88.5,-68.35848022889114,-9.42681380339285,-109.77624421203437
9,,-48.73714819804019,60.5,-61.76486114908493,-6.68777640048815,-40.78451064846711
9,,22.27215435512352,61.5,-21.20125335521052,-5.941199185030216,-12.08539310463575
10,2,-1629.9277257518638,62.5,-45.5517856281408,-6.716313083729912,-1640.1596270399932
10,3,-1739.9255184021176,57.5,-56.25517832150224,-6.839308965018937,-1734.3310311155965
10,4,-583.92521530281,85.0,-59.042260946343184,-8.920094244436598,-600.9628601120302
10,5,-917.0268391378042,60.0,-28.912839259126116,-5.4499900425526615,-942.6640098361255
10,6,-408.5636436983644,55.0,-33.12712850368015,-5.23964207089794,-425.1968731237863
10,7,-988.2003468077367,58.0,-57.988979451710904,-6.151897814999741,-982.059469541026
10,8,-1255.799018656425,168.0,-7.6115691628344475,-16.92819322323608,-1399.2592562703544
10,9,-180.71162076502767,57.5,-22.5061785415315,-4.505691873480419,-211.19975035001576
10,10,-1560.8182996513272,58.5,-40.15394067334237,-5.922709022360828,-1573.2416499556239
10,11,-298.925390193742,93.5,-22.289429699943756,-9.653070971523837,-360.4828895222744
10,12,-416.3341611024972,134.5,-34.18035071898515,-13.465100956052614,-503.18870942745946
10,13,-1062.803694743723,80.0,-34.94270009920265,-7.848701539246644,-1100.0122931052738
10,14,-90.65709747855611,54.0,-28.11778564647339,-5.452557106496734,-111.08675472558599
10,15,-827.4308051455454,55.5,14.73646607441929,-4.838862592726256,-892.8284086272384
10,16,-128.77165728127665,93.0,-40.24430669950605,-9.721479599861363,-171.80587098190924
10,17,-61.46241434837077,75.5,-24.066985839827343,-6.7790307691801654,-106.11639773936326
10,18,-401.72764144133083,106.5,-28.7595927827407,-13.710104912667745,-465.7579437459224
10,19,-1332.5568535310936,151.5,-51.29022271078433,-18.287086095510805,-1414.4795447247984
10,20,125.05531912818473,123.0,33.373043300339724,-14.01080150047904,-17.306922671675967
10,21,-437.759953624101,83.0,-34.76289512748581,-7.826432543091079,-478.1706259535241
10,22,-1776.1035054741235,62.5,-28.254378166781702,-6.269612794528417,-1804.0795145128134
10,23,-349.0904514354597,74.0,-36.239225796967204,-7.270028174971943,-379.5811974635206
10,24,-270.5104858591403,250.5,25.455139260648572,-32.12141858875602,-514.3442065310329
10,25,-753.2868375661678,77.0,-33.58795771279854,-7.649165643961441,-789.0497142094079
10,26,-887.6402099643564,54.0,-9.364646134255397,-5.106913344426206,-927.1686504856748
10,27,-475.1569761319934,96.5,-79.02174403112168,-11.179806799595116,-481.4554253012766
10,28,-14.86381266567924,81.5,-37.77809343470941,-8.93761336385091,-49.64810586711892
10,29,-111.71531765371356,88.0,-49.52801443028895,-9.008739710909024,-141.17856351251558
10,30,-405.7455081029669,72.0,-0.64239245395104,-7.22831177358337,-469.87480387543246
10,31,-17.385245844393072,66.5,-41.12663995793365,-6.620226708962317,-36.13837917749711
10,32,-1358.0322878300874,108.0,50.25509788862897,-11.137280105632708,-1505.1501056130837
10,33,-594.2484791233983,69.0,-29.58770154715218,-7.48380672843876,-626.1769708478073
10,34,-999.9736461908175,69.5,-30.182748272570446,-7.230865885740712,-1032.0600320325063
10,35,-1213.8167053902657,102.0,22.635426178961236,-10.276981107380372,-1328.1751504618467
10,36,-263.2340388924254,164.5,-13.520140895456596,-23.234165887466382,-390.97973210950244
10,37,63.03095778681834,139.0,-15.68718609710134,-14.175007133595757,-46.10684898248456
10,38,-814.4165002838184,54.5,-12.570376726505064,-4.709127794544351,-851.6369957627691
10,39,-198.86731815851482,105.5,-48.266967290308244,-10.89718749804483,-245.20316337016175
10,40,-343.17698775748374,88.0,-38.94722416116877,-9.468299062182298,-382.7614645341327
10,41,-865.0638729810072,67.5,-21.385904009714082,-4.958124259174937,-906.2198447121182
10,42,-389.6279821943672,69.0,-20.354144653047516,-6.628451698272715,-431.64538584304694
10,43,-1175.091161141436,83.5,-59.54904794737526,-8.423221263188813,-1190.618891930872
10,44,-570.0346042837851,97.5,-60.28251571688289,-10.090542108542676,-597.1615464583596
10,45,-53.58416718481242,64.5,-14.711843009567628,-6.5974979973203975,-96.7748261779244
10,46,-280.3648381970214,50.5,-13.890602952315989,-4.546342355251876,-312.4278928894536
10,47,-925.1175237717896,125.0,20.912710046137118,-13.68065715183228,-1057.3495766660944
10,48,-1317.1259572200722,68.0,-56.95627906624312,-7.8073407574120814,-1320.362337396417
10,49,-1155.7623799159483,92.0,-49.69869551093211,-10.058959769737514,-1188.0047246352785
10,2,-1629.9277257518638,62.5,-45.5517856281408,-6.716313083729912,-1640.1596270399932
10,3,-1739.9255184021176,57.5,-56.25517832150224,-6.839308965018937,-1734.3310311155965
10,4,-583.92521530281,85.0,-59.042260946343184,-8.920094244436598,-600.9628601120302
10,5,-917.0268391378042,60.0,-28.912839259126116,-5.4499900425526615,-942.6640098361255
10,6,-408.5636436983644,55.0,-33.12712850368015,-5.23964207089794,-425.1968731237863
10,7,-988.2003468077367,58.0,-57.988979451710904,-6.151897814999741,-982.059469541026
10,8,-1255.799018656425,168.0,-7.6115691628344475,-16.92819322323608,-1399.2592562703544
10,9,-180.71162076502767,57.5,-22.5061785415315,-4.505691873480419,-211.19975035001576
10,10,-1560.8182996513272,58.5,-40.15394067334237,-5.922709022360828,-1573.2416499556239
10,11,-298.925390193742,93.5,-22.289429699943756,-9.653070971523837,-360.4828895222744
10,12,-416.3341611024972,134.5,-34.18035071898515,-13.465100956052614,-503.18870942745946
10,13,-1062.803694743723,80.0,-34.94270009920265,-7.848701539246644,-1100.0122931052738
10,14,-90.65709747855611,54.0,-28.11778564647339,-5.452557106496734,-111.08675472558599
10,15,-827.4308051455454,55.5,14.73646607441929,-4.838862592726256,-892.8284086272384
10,16,-128.77165728127665,93.0,-40.24430669950605,-9.721479599861363,-171.80587098190924
10,17,-61.46241434837077,75.5,-24.066985839827343,-6.7790307691801654,-106.11639773936326
10,18,-401.72764144133083,106.5,-28.7595927827407,-13.710104912667745,-465.7579437459224
10,19,-1332.5568535310936,151.5,-51.29022271078433,-18.287086095510805,-1414.4795447247984
10,20,125.05531912818473,123.0,33.373043300339724,-14.01080150047904,-17.306922671675967
10,21,-437.759953624101,83.0,-34.76289512748581,-7.826432543091079,-478.1706259535241
10,22,-1776.1035054741235,62.5,-28.254378166781702,-6.269612794528417,-1804.0795145128134
10,23,-349.0904514354597,74.0,-36.239225796967204,-7.270028174971943,-379.5811974635206
10,24,-270.5104858591403,250.5,25.455139260648572,-32.12141858875602,-514.3442065310329
10,25,-753.2868375661678,77.0,-33.58795771279854,-7.649165643961441,-789.0497142094079
10,26,-887.6402099643564,54.0,-9.364646134255397,-5.106913344426206,-927.1686504856748
10,27,-475.1569761319934,96.5,-79.02174403112168,-11.179806799595116,-481.4554253012766
10,28,-14.86381266567924,81.5,-37.77809343470941,-8.93761336385091,-49.64810586711892
10,29,-111.71531765371356,88.0,-49.52801443028895,-9.008739710909024,-141.17856351251558
10,30,-405.7455081029669,72.0,-0.64239245395104,-7.22831177358337,-469.87480387543246
10,31,-17.385245844393072,66.5,-41.12663995793365,-6.620226708962317,-36.13837917749711
10,32,-1358.0322878300874,108.0,50.25509788862897,-11.137280105632708,-1505.1501056130837
10,33,-594.2484791233983,69.0,-29.58770154715218,-7.48380672843876,-626.1769708478073
10,34,-999.9736461908175,69.5,-30.182748272570446,-7.230865885740712,-1032.0600320325063
10,35,-1213.8167053902657,102.0,22.635426178961236,-10.276981107380372,-1328.1751504618467
10,36,-263.2340388924254,164.5,-13.520140895456596,-23.234165887466382,-390.97973210950244
10,37,63.03095778681834,139.0,-15.68718609710134,-14.175007133595757,-46.10684898248456
10,38,-814.4165002838184,54.5,-12.570376726505064,-4.709127794544351,-851.6369957627691
10,39,-198.86731815851482,105.5,-48.266967290308244,-10.89718749804483,-245.20316337016175
10,40,-343.17698775748374,88.0,-38.94722416116877,-9.468299062182298,-382.7614645341327
10,41,-865.0638729810072,67.5,-21.385904009714082,-4.958124259174937,-906.2198447121182
10,42,-389.6279821943672,69.0,-20.354144653047516,-6.628451698272715,-431.64538584304694
10,43,-1175.091161141436,83.5,-59.54904794737526,-8.423221263188813,-1190.618891930872
10,44,-570.0346042837851,97.5,-60.28251571688289,-10.090542108542676,-597.1615464583596
10,45,-53.58416718481242,64.5,-14.711843009567628,-6.5974979973203975,-96.7748261779244
10,46,-280.3648381970214,50.5,-13.890602952315989,-4.546342355251876,-312.4278928894536
10,47,-925.1175237717896,125.0,20.912710046137118,-13.68065715183228,-1057.3495766660944
10,48,-1317.1259572200722,68.0,-56.95627906624312,-7.8073407574120814,-1320.362337396417
10,49,-1155.7623799159483,92.0,-49.69869551093211,-10.058959769737514,-1188.0047246352785
